green500_rank,Site,Manufacturer,Computer,Country,mf/watt,Power,top500_rank,how
1,IBM Thomas J. Watson Research Center,IBM,NNSA/SC Blue Gene/Q Prototype 2,United States,2097.1916971917,40.95,109,top500
2,IBM Thomas J. Watson Research Center,IBM,NNSA/SC Blue Gene/Q Prototype 1,United States,1684.20103092784,38.8,165,top500
3,Nagasaki University,Self-made,"DEGIMA Cluster, Intel i5, ATI Radeon GPU, Infiniband QDR",Japan,1375.8761682243,34.24,430,submission
4,"GSIC Center, Tokyo Institute of Technology",NEC/HP,"HP ProLiant SL390s G7 Xeon 6C X5670, Nvidia GPU, Linux/Windows",Japan,958.353433027818,1243.8,5,submission
5,CINECA / SCS - SuperComputing Solution,IBM,"iDataPlex DX360M3, Xeon 2.4, nVidia GPU, Infiniband",Italy,891.875,160,54,top500
6,RIKEN Advanced Institute for Computational Science (AICS),Fujitsu,"K computer, SPARC64 VIIIfx 2.0GHz, Tofu interconnect",Japan,824.564381081693,9898.56,1,top500
7,Forschungszentrum Juelich (FZJ),IBM,"QPACE SFB TR Cluster, PowerXCell 8i, 3.2 GHz, 3D-Torus",Germany,773.375043448036,57.54,406,submission
8,Universitaet Regensburg,IBM,"QPACE SFB TR Cluster, PowerXCell 8i, 3.2 GHz, 3D-Torus",Germany,773.375043448036,57.54,407,submission
9,Universitaet Wuppertal,IBM,"QPACE SFB TR Cluster, PowerXCell 8i, 3.2 GHz, 3D-Torus",Germany,773.375043448036,57.54,408,submission
10,Universitaet Frankfurt,Clustervision/Supermicro,"Supermicro Cluster, QC Opteron 2.1 GHz, ATI Radeon GPU, Infiniband",Germany,718.128633081856,416.7777,22,derived
11,Georgia Institute of Technology,Hewlett-Packard,"HP ProLiant SL390s G7 Xeon 6C X5660 2.8Ghz, nVidia Fermi, Infiniband QDR",United States,677.118644067797,94.4,169,submission
12,National Institute for Environmental Studies,NSSOL / SGI Japan,"Asterism ID318, Intel Xeon E5530, NVIDIA C2050, Infiniband",Japan,650.297747475619,115.87,126,submission
13,National Supercomputing Center in Tianjin,NUDT,"NUDT TH MPP, X5670 2.93Ghz 6C, NVIDIA GPU, FT-1000 8C",China,635.148514851485,4040,2,top500
14,Yukawa Institute for Theoretical Physics (YITP),Hitachi,"Hitachi SR16000 Model XM1/108, Power7 3.3Ghz, Infiniband",Japan,565.972222222222,129.6,131,top500
15,CSIRO,Xenon Systems,"Supermicro Xeon Cluster, E5462 2.8 Ghz, Nvidia Tesla s2050 GPU, Infiniband",Australia,555.496828752643,94.6,274,submission
16,National Supercomputing Centre in Shenzhen (NSCS),Dawning,"Dawning TC3600 Blade, Intel X5650, NVidia Tesla C2050 GPU",China,492.635658914729,2580,4,submission
17,IBM Thomas J. Watson Research Center,IBM,"Power 750, Power7 3.86 GHz, 10GigE",United States,483.659588586596,120.56,192,top500
18,CeSViMa - Centro de Supercomputación y Visualización de Madrid,IBM,"BladeCenter PS702 Express, Power7 3.3GHz, Infiniband",Spain,467.727272727273,154,136,top500
19,DOE/NNSA/LANL,IBM,"BladeCenter QS22/LS21 Cluster, PowerXCell 8i 3.2 Ghz / Opteron DC 1.8 GHz, Infiniband",United States,458.333333333333,276,61,submission
20,DOE/NNSA/LANL,IBM,"BladeCenter QS22/LS21 Cluster, PowerXCell 8i 3.2 Ghz / Opteron DC 1.8 GHz, Voltaire Infiniband",United States,444.254956299296,2345.5,10,submission
21,Government,Hewlett-Packard,"Cluster Platform 3000 BL2x220, L56xx 2.26 Ghz, Infiniband",Sweden,441.176470588235,221,90,submission
22,"Institute of Process Engineering, Chinese Academy of Sciences","IPE, Nvidia, Tyan","Mole-8.5 Cluster Xeon L5520 2.26 Ghz, nVidia Tesla, Infiniband",China,431.875,480,33,submission
23,Geoscience,IBM,"iDataPlex DX360M3, Xeon 2.8, Infiniband",United States,421.738312482363,106.31,395,top500
24,Geoscience,IBM,"iDataPlex DX360M3, Xeon 2.8, Infiniband",United States,421.738312482363,106.31,396,top500
25,Taiwan National Center for High-performance Computing,Acer Group,"Acer AR585 F1 Cluster, Opteron 12C 2.2GHz, QDR infiniband",Taiwan,400.678733031674,442,42,submission
26,Banking (M),IBM,"iDataPlex, Xeon X56xx 6C 2.66 GHz, Infiniband",United States,400.640564373898,141.75,195,submission
27,"University of British Columbia - Cancer Center, Genome Science Center",IBM,"iDataPlex, Xeon X56xx 6C 2.66 GHz, Infiniband",Canada,400.623888935918,118.13,350,submission
28,IBM Poughkeepsie Benchmarking Center,IBM,"Power 775, Power7 3.836 GHz",United States,396.333681401555,172.38,146,top500
29,Ecole Polytechnique Federale de Lausanne,IBM,Blue Gene/P Solution,Switzerland,378.769841269841,126,343,submission
30,IBM - Rochester,IBM,Blue Gene/P Solution,United States,378.769841269841,126,344,submission
31,IBM Thomas J. Watson Research Center,IBM,Blue Gene/P Solution,United States,378.769841269841,126,345,submission
32,Max-Planck-Gesellschaft MPI/IPP,IBM,Blue Gene/P Solution,Germany,378.769841269841,126,346,submission
33,EDF R&D,IBM,Blue Gene/P Solution,France,378.769841269841,252,93,submission
34,King Abdullah University of Science and Technology,IBM,Blue Gene/P Solution,Saudi Arabia,378.769841269841,504,39,submission
35,IDRIS,IBM,Blue Gene/P Solution,France,378.761904761905,315,69,submission
36,IBM Poughkeepsie Benchmarking Center,IBM,"Power 775, Power7 3.836 GHz",United States,377.197958026092,423.12,50,top500
37,Automotive,IBM,"BladeCenter HS22 Cluster, WM Xeon 6-core 2.93Ghz, Infiniband",United States,368.620273699097,240.41,101,top500
38,Automotive,IBM,"BladeCenter HS22 Cluster, WM Xeon 6-core 2.93Ghz, Infiniband",United States,368.620273699097,240.41,102,top500
39,DOE/NNSA/LLNL,IBM,Blue Gene/P Solution,United States,366.57848324515,1134,18,submission
40,Forschungszentrum Juelich (FZJ),IBM,Blue Gene/P Solution,Germany,363.977072310406,2268,12,submission
41,DOE/SC/Argonne National Laboratory,IBM,Blue Gene/P Solution,United States,363.976984126984,1260,15,submission
42,DOE/SC/LBNL/NERSC,Cray Inc.,Cray XE6 12-core 2.1 GHz,United States,362.199312714777,2910,8,top500
43,RQCHP/Calcul Quebec/Compute Canada Université de Montréal,IBM,"iDataPlex DX360M3, Xeon 2.66, Infiniband",Canada,361.78522675565,197.79,137,top500
44,CLUMEQ - McGill University,IBM,"iDataPlex DX360M3, Xeon 2.66, Infiniband",Canada,361.778367617784,376.75,55,top500
45,KTH - Royal Institute of Technology,Cray Inc.,Cray XT6m 12-Core 2.1 GHz,Sweden,360.29467608415,658.35,31,top500
46,eni,Hewlett-Packard,"HP ProLiant SL390s G7 Xeon 6C X5650, Infiniband",Italy,359.649122807018,364.8,60,derived
47,Moscow State University - Research Computing Center,T-Platforms,"T-Platforms T-Blade2/1.1, Xeon X5570/X5670 2.93 GHz, Nvidia 2070 GPU, Infiniband QDR",Russia,355.775168227998,0,13,derived
48,Universitaet Erlangen,NEC,"NEC LX-2400 Cluster, Xeon X5550 2.66 Ghz, Infiniband",Germany,354.5625,160,196,top500
49,Lockheed Martin,IBM,"BladeCenter HS22 Cluster, WM Xeon 6-core 2.66Ghz, Infiniband",United States,354.32381623781,170.22,181,top500
50,Lockheed Martin,IBM,"BladeCenter HS22 Cluster, WM Xeon 6-core 2.66Ghz, Infiniband",United States,354.32381623781,170.22,182,top500
51,Classified,IBM,"BladeCenter HS22 Cluster, WM Xeon 6-core 2.66Ghz, Infiniband",United Kingdom,354.316271963331,157.08,212,top500
52,Classified,IBM,"BladeCenter HS22 Cluster, WM Xeon 6-core 2.66Ghz, Infiniband",United Kingdom,354.316271963331,157.08,213,top500
53,Classified,IBM,"BladeCenter HS22 Cluster, WM Xeon 6-core 2.66Ghz, Infiniband",United Kingdom,354.316271963331,157.08,214,top500
54,Electronics,IBM,"BladeCenter HS22 Cluster, WM Xeon 6-core 2.66Ghz, Infiniband",United States,354.303622184972,137.21,328,top500
55,Electronics,IBM,"BladeCenter HS22 Cluster, WM Xeon 6-core 2.66Ghz, Infiniband",United States,354.303622184972,137.21,329,top500
56,South Ural State University,Self-made,"SKIF Aurora Platform - Intel Xeon X5680, Infiniband QDR",Russia,349.777034559643,287.04,87,derived
57,Cray Inc.,Cray Inc.,Cray XT6 12-Core 2.0/2.1/2.2 GHz,United States,341.55427103404,155.7,237,top500
58,ETH Zuerich,Oracle,"Sun Blade X6440, Opteron 2.5 Ghz, Infiniband QDR",Switzerland,341.315789473684,152,278,top500
59,Hewlett-Packard,Hewlett-Packard,"HP ProLiant SL390s G7 Xeon X5650, Nvidia M2070, Infiniband QDR",United States,335.17899408284,0,388,derived
60,Leibniz Rechenzentrum,IBM,"BladeCenter HX5, WM Xeon 10-core, 2.4 GHz, Infiniband",Germany,332.615384615385,195,166,top500
61,Vestas Wind Systems A/S,IBM,"iDataPlex DX360M3, Xeon 2.93, Infiniband",Denmark,330.980905619204,458.25,53,top500
62,EDF R&D,IBM,"iDataPlex, Xeon X56xx 6C 2.93 GHz, Infiniband",France,330.980392156863,510,43,submission
63,Geoscience (P),IBM,"iDataPlex DX360M3, Xeon 2.93, Infiniband",United States,330.980281690141,159.75,258,top500
64,Geoscience (P),IBM,"iDataPlex DX360M3, Xeon 2.93, Infiniband",United States,330.980281690141,159.75,259,top500
65,Geoscience (P),IBM,"iDataPlex DX360M3, Xeon 2.93, Infiniband",United States,330.980281690141,159.75,260,top500
66,Geoscience (P),IBM,"iDataPlex DX360M3, Xeon 2.93, Infiniband",United States,330.980281690141,159.75,261,top500
67,Geoscience (P),IBM,"iDataPlex DX360M3, Xeon 2.93, Infiniband",United States,330.980281690141,159.75,262,top500
68,Geoscience (P),IBM,"iDataPlex DX360M3, Xeon 2.93, Infiniband",United States,330.980281690141,159.75,263,top500
69,Geoscience (P),IBM,"iDataPlex DX360M3, Xeon 2.93, Infiniband",United States,330.980281690141,159.75,264,top500
70,NOAA/Oak Ridge National Laboratory,Cray Inc.,"Cray XT6-HE, Opteron 6100 12C 2.1GHz",United States,318.323235631243,610.7,37,top500
71,Vienna Scientific Cluster,Megware,"Megware Saxonid 6100, Opteron 8C 2.2 GHz, Infiniband QDR",Austria,315.348837209302,430,56,top500
72,University of Southampton,IBM,"iDataPlex, Xeon E55xx QC 2.26 GHz, Infiniband, Windows HPC2008 R2",United Kingdom,299.523852304375,222.62,154,submission
73,National Institute for Computational Sciences/University of Tennessee,Cray Inc.,Cray XT5-HE Opteron Six Core 2.6 GHz,United States,297.443365695793,3090,11,top500
74,Digital Media,IBM,"iDataPlex, Xeon E55xx QC 2.26 GHz, Infiniband",United States,295.77891319389,187.89,216,top500
75,Lockheed Martin,IBM,"BladeCenter HS22 Cluster, Xeon QC X55xx 2.26 GHz, Infiniband",United States,295.751474355156,167.87,313,submission
76,DOE/SC/LBNL/NERSC,IBM,"iDataPlex, Xeon X55xx QC 2.66 GHz, Infiniband",United States,285.155674798777,160.27,382,submission
77,Banking (M),IBM,"BladeCenter HS22 Cluster, Xeon QC GT 2.66 GHz, Infiniband",United States,280.810618500274,182.7,289,submission
78,DOE/NNSA/LANL/SNL,Cray Inc.,Cray XE6 8-core 2.4 GHz,United States,278.894472361809,3980,6,top500
79,ONERA,SGI,"SGI Altix ICE 8200EX, Xeon X5560 2.8 GHz/X5675 3.06 GHz, Infiniband",France,278.765690376569,191.2,236,top500
80,Classified,IBM,"BladeCenter HS22 Cluster, Xeon QC X55xx 2.26 GHz, Infiniband",United States,278.198350602664,236.45,161,top500
81,Lawrence Livermore National Laboratory,Dell,"Dell DCS Xanadu 2.5, Xeon E55xx 2.4Ghz, Infiniband DDR",United States,277.762860102037,260.69,135,derived
82,University of Alaska - Arctic Region Supercomputing Center,Cray Inc.,Cray XE6 8-core 2.3 GHz,United States,277.285767743545,320.68,100,derived
83,ERDC DSRC,Cray Inc.,Cray XE6 8-core 2.4 GHz,United States,275.442418132392,555.47,51,derived
84,"University of California, Los Angeles",Hewlett-Packard,"HP ProLiant SL390s G7 Xeon X5650, Nvidia M2070, Infiniband QDR",United States,274.375503626108,0,148,derived
85,Engineering Company,IBM,"xSeries x3650M3, Xeon X56xx 2.93 GHz, Infiniband",United States,273.390688876686,163.89,398,top500
86,HWW/Universitaet Stuttgart,NEC,"NEC HPC 140Rb-1 Cluster, Xeon X5560 2.8Ghz, Infiniband",Germany,273.064516129032,186,305,top500
87,HPC2N - Umea University,IBM,"BladeCenter HS21 Cluster, Xeon QC HT 2.5 GHz, IB, Windows HPC 2008/CentOS",Sweden,265.80451475088,173.21,372,submission
88,NASA/Ames Research Center/NAS,SGI,"SGI Altix ICE 8200EX/8400EX, Xeon HT QC 3.0/Xeon 5570/5670 2.93 Ghz, Infiniband",United States,265.236470014627,4102,7,top500
89,Geoscience,IBM,"iDataPlex, Xeon X55xx QC 2.8 GHz, Infiniband",United States,263.260582010582,211.68,207,top500
90,Geoscience,IBM,"iDataPlex, Xeon X55xx QC 2.8 GHz, Infiniband",United States,263.260582010582,211.68,208,top500
91,Geoscience,IBM,"iDataPlex, Xeon X55xx QC 2.8 GHz, Infiniband",United States,263.260582010582,211.68,209,top500
92,Geoscience,IBM,"iDataPlex, Xeon X55xx QC 2.8 GHz, Infiniband",United States,263.260582010582,211.68,210,top500
93,University of Edinburgh,Cray Inc.,"Cray XT4, 2.3 GHz",United Kingdom,260.001640733955,365.69,94,derived
94,Government,IBM,"BladeCenter HS22 Cluster, Xeon QC GT 2.53 GHz, Infiniband",Russia,257.348837209302,174.15,397,submission
95,NASA/Goddard Space Flight Center,IBM,"iDataPlex, Xeon X55xx QC 2.8 GHz, Infiniband",United States,256.832449776786,286.72,130,top500
96,DOE/SC/Oak Ridge National Laboratory,Cray Inc.,Cray XT5-HE Opteron 6-core 2.6 GHz,United States,253.071677265272,6950.6,3,top500
97,Idaho National Laboratory,Appro International,"Appro Xtreme-X3 Opteron 2.4GHz, Infiniband QDR",United States,252.861111111111,360,99,top500
98,NOAA/ESRL/GSD,Raytheon/Aspen Systems,"Raytheon/Aspen Cluster, Xeon X5560/X5650 2.8/2.66 Ghz, QDR Infinband",United States,251.866600298656,502.25,62,derived
99,Banking (M),IBM,"iDataPlex, Xeon E55xx QC 2.26 GHz, Infiniband",United States,250.907368421053,190,347,submission
100,Lawrence Livermore National Laboratory,Dell,"Dell Xanadu 3 Cluster, Xeon X5660 2.8 Ghz, QLogic InfiniBand QDR",United States,241.965918657648,688.94,46,derived
101,Total Exploration Production,SGI,"SGI Altix ICE 8200EX, Xeon quad core 3.0 GHz",France,240.045248868778,442,79,top500
102,A*STAR Computational Resource Centre,Fujitsu,"BX900 Xeon X5570/X5670 2.93GHz , Infiniband QDR",Singapore,236.8,175,460,top500
103,Swiss Scientific Computing Center (CSCS),Cray Inc.,Cray XT5 SixCore 2.4 GHz,Switzerland,236.605890603086,713,44,top500
104,CLUMEQ - Université Laval,Oracle,"Sun Blade x6048, Xeon X5560 2.8 Ghz, Infiniband QDR",Canada,232.439759036145,332,119,top500
105,Central Research Institute of Electric Power Industry/CRIEPI,SGI,"SGI Altix ICE 8200EX, Xeon X5560 quad core 2.8 GHz",Japan,232.3897659227,183.7,431,top500
106,National Institute for Materials Science,SGI,"SGI Altix ICE 8200EX, Xeon X5560 quad core 2.8 GHz",Japan,232.3897659227,183.7,432,top500
107,DOE/SC/LBNL/NERSC,Cray Inc.,Cray XT4 QuadCore 2.3 GHz,United States,231.565217391304,1150,27,top500
108,Tsinghua University,Inspur,"Inspur TS10000 HPC Server, Xeon X56xx 2.93 Ghz, QDR Infiniband",China,231.420272435897,399.36,97,derived
109,Japan Atomic Energy Agency (JAEA),Fujitsu,"BX900 Xeon X5570 2.93GHz , Infiniband QDR",Japan,230.261179216342,831.23,38,top500
110,US Army Research Laboratory (ARL),SGI,"SGI Altix ICE 8200 Enhanced LX, Xeon Nehalem quad core 2.8 GHz",United States,230.105263157895,475,74,top500
111,Commissariat a l'Energie Atomique (CEA),Bull SA,Bull bullx super-node S6010/S6030,France,228.758169934641,4590,9,top500
112,Institute of Physical and Chemical Res. (RIKEN),Fujitsu,"RIKEN Intergrated Cluster of Clusters, Xeon X5570 2.93GHz, Infiniband DDR",Japan,227.884033691656,429.78,89,derived
113,University of Zuerich,Oracle,"Sun Blade x6275, Xeon X55xx 2.8 Ghz, Infiniband QDR",Switzerland,227.477064220183,218,315,top500
114,Commissariat a l'Energie Atomique (CEA)/CCRT,Bull SA,BULL Novascale R422-E2,France,227.463312368973,477,75,top500
115,Bureau of Meteorology / CSIRO HPCCC,Oracle,"Sun Blade x6048, Xeon X5570 2.93 Ghz, Infiniband QDR",Australia,225.409090909091,220,314,top500
116,University of Tokyo/Institute for Solid State Physics,SGI,"SGI Altix ICE 8400EX Xeon X5570 4-core 2.93 GHz, Infiniband",Japan,224.940914778257,719.3,48,top500
117,Grand Equipement National de Calcul Intensif - Centre Informatique National de l'Enseignement Supérieur (GENCI-CINES),SGI,"SGI Altix ICE 8200EX, Xeon E5472 3.0/X5560 2.8 GHz",France,223.496240601504,1064,30,top500
118,Lawrence Livermore National Laboratory,Dell,"Dell Xanadu 3 Cluster, Xeon X5660 2.8 Ghz, QLogic InfiniBand QDR",United States,222.947368421053,475,80,derived
119,Network Company,IBM,"BladeCenter HS22 Cluster, Xeon QC E5xx 2.53 GHz, GigEthernet",China,221.787873003754,314.34,143,top500
120,National Computational Infrastructure National Facility (NCI-NF),Oracle,"Sun Blade x6048, Xeon X5570 2.93 Ghz, Infiniband QDR",Australia,221.424191994394,570.85,64,derived
121,Banking,IBM,"BladeCenter HS22 Cluster, Xeon X56xx 2.53 GHz, GigEthernet",Russia,220.937623762376,202,401,top500
122,Banking,IBM,"BladeCenter HS22 Cluster, Xeon X56xx 2.53 GHz, GigEthernet",Russia,220.937623762376,202,402,top500
123,Government,IBM,"BladeCenter HS22 Cluster, Xeon X56xx 2.53 GHz, GigEthernet",Russia,220.927862697774,223.74,317,top500
124,Intel,Intel,"Intel Cluster, Xeon X5560 2.8 GHz, Xeon X5670 2.93 Ghz, Infiniband",United States,219.821942916994,229.14,309,derived
125,Energy Company (A),IBM,"BladeCenter HS22 Cluster, Xeon QC X55xx 2.66 GHz, Infiniband",Italy,219.503398116132,335.48,129,top500
126,Defense,IBM,"BladeCenter HS21 Cluster, Xeon QC HT 2.83 GHz, Infiniband",United States,217.298022301704,190.12,464,submission
127,Defense,IBM,"BladeCenter HS21 Cluster, Xeon QC HT 2.83 GHz, Infiniband",United States,217.298022301704,190.12,465,submission
128,Defense,IBM,"BladeCenter HS21 Cluster, Xeon QC HT 2.83 GHz, Infiniband",United States,217.298022301704,190.12,466,submission
129,Defense,IBM,"BladeCenter HS21 Cluster, Xeon QC HT 2.83 GHz, Infiniband",United States,217.298022301704,190.12,467,submission
130,Defense,IBM,"BladeCenter HS21 Cluster, Xeon QC HT 2.83 GHz, Infiniband",United States,217.298022301704,190.12,468,submission
131,Defense,IBM,"BladeCenter HS21 Cluster, Xeon QC HT 2.83 GHz, Infiniband",United States,217.298022301704,190.12,469,submission
132,Defense,IBM,"BladeCenter HS21 Cluster, Xeon QC HT 2.83 GHz, Infiniband",United States,217.298022301704,190.12,470,submission
133,Defense,IBM,"BladeCenter HS21 Cluster, Xeon QC HT 2.83 GHz, Infiniband",United States,217.298022301704,190.12,471,submission
134,IT Service Provider,Hewlett-Packard,"HP ProLiant SL390s G7 Xeon 6C X5680 3.3 Ghz, GigE",United States,216.615214525662,235.17,300,derived
135,IT Service Provider,Hewlett-Packard,"HP ProLiant SL390s G7 Xeon 6C X5680 3.3 Ghz, GigE",United States,216.615214525662,235.17,301,derived
136,IT Service Provider,Hewlett-Packard,"HP ProLiant SL390s G7 Xeon 6C X5680 3.3 Ghz, GigE",United States,216.615214525662,235.17,302,derived
137,IT Service Provider,Hewlett-Packard,"HP ProLiant SL390s G7 Xeon 6C X5680 3.3 Ghz, GigE",United States,216.615214525662,235.17,303,derived
138,Texas Advanced Computing Center/Univ. of Texas,Oracle,"SunBlade x6420, Opteron QC 2.3 Ghz, Infiniband",United States,216.6,2000,17,top500
139,Georgia Institute of Technology,Penguin Computing,"Altus 704 Cluster, 6C Opteron 8431 2.4 Ghz, Infiniband",United States,215.650406504065,246,251,top500
140,Financial Institution (P),IBM,"iDataPlex, Xeon X56xx 6C 2.66 GHz, GigE",United Kingdom,215.377172116276,248.03,234,top500
141,Financial Institution (P),IBM,"iDataPlex, Xeon X56xx 6C 2.66 GHz, GigE",United Kingdom,215.377172116276,248.03,235,top500
142,Semiconductor Company,IBM,"iDataPlex, Xeon X56xx 6C 2.66 GHz, GigE",United States,215.376723022706,224.17,335,top500
143,KISTI Supercomputing Center,Oracle,"Sun Blade x6048,  X6275, IB QDR M9 switch, Sun HPC stack Linux edition","Korea, South",215.36725289194,1275.96,26,top500
144,Lockheed Martin,IBM,"BladeCenter HS21 Cluster, Xeon QC HT 2.66 GHz, Infiniband",United States,213.101204201896,195.15,457,top500
145,Lockheed Martin,IBM,"BladeCenter HS21 Cluster, Xeon QC HT 2.66 GHz, Infiniband",United States,213.101204201896,195.15,458,top500
146,Telecommunication Company,IBM,"BladeCenter HS22 Cluster, WM Xeon 6-core 2.66Ghz, GigE",United States,210.940267267751,248.44,276,top500
147,Banking (M),IBM,"xSeries x3650 Cluster Xeon QC GT 2.66 GHz, Infiniband",United States,210.008369601607,298.7,176,submission
148,Government,IBM,"xSeries x3650 Cluster Xeon QC GT 2.66 GHz, Infiniband",Russia,210.005718741877,192.35,493,submission
149,Classified,IBM,"xSeries x3650 Cluster Xeon QC GT 2.66 GHz, Infiniband",United Kingdom,210.004652827488,279.4,191,top500
150,ERDC DSRC,SGI,"SGI Altix ICR 8200 Enh. LX, Xeon X5560 2.8Ghz",United States,206.843124596514,774.5,49,top500
151,DOE/NNSA/LLNL,IBM,eServer Blue Gene Solution,United States,205.271291208791,2329.6,14,submission
152,Geoscience,IBM,"iDataPlex, Xeon QC 3.0 GHz, Infiniband",United States,204.506032269005,206.39,442,submission
153,"Rensselaer Polytechnic Institute, Computational Center for Nanotechnology Innovations",IBM,eServer Blue Gene Solution,United States,203.772321428571,358.4,134,submission
154,"Stony Brook/BNL, New York Center for Computational Sciences",IBM,eServer Blue Gene Solution,United States,203.772321428571,403.2,112,submission
155,IBM Thomas J. Watson Research Center,IBM,eServer Blue Gene Solution,United States,203.772321428571,448,98,submission
156,Asda Stores,IBM,"BladeCenter HS22 Cluster, WM Xeon 6-core 2.93Ghz, GigE",United Kingdom,201.609558352891,234.35,352,top500
157,Communications,IBM,"BladeCenter HS22 Cluster, WM Xeon 6-core 2.93Ghz, GigE",Israel,201.609472743521,335.7,149,top500
158,Communications,IBM,"BladeCenter HS22 Cluster, WM Xeon 6-core 2.93Ghz, GigE",Israel,201.609472743521,335.7,150,top500
159,Financial Services (H),IBM,"BladeCenter HS22 Cluster, WM Xeon 6-core 2.93Ghz, GigE",United States,201.605632842335,293.28,188,top500
160,Financial Services (H),IBM,"BladeCenter HS22 Cluster, WM Xeon 6-core 2.93Ghz, GigE",United States,201.605632842335,293.28,189,top500
161,Service Provider,IBM,"BladeCenter HS22 Cluster, WM Xeon 6-core 2.93Ghz, GigE",France,201.601697030197,200.35,494,top500
162,Service Provider,IBM,"BladeCenter HS22 Cluster, WM Xeon 6-core 2.93Ghz, GigE",France,201.601697030197,200.35,495,top500
163,Service Provider,IBM,"BladeCenter HS22 Cluster, WM Xeon 6-core 2.93Ghz, GigE",France,201.601697030197,200.35,496,top500
164,Service Provider,IBM,"BladeCenter HS22 Cluster, WM Xeon 6-core 2.93Ghz, GigE",France,201.601697030197,200.35,497,top500
165,Government,IBM,"BladeCenter HS22 Cluster, WM Xeon 6-core 2.93Ghz, GigE",United States,201.587671803415,240.1,330,top500
166,US Army Research Laboratory (ARL),SGI,"SGI Altix ICE 8200 Enhanced LX, Xeon X5560 quad core 2.8 GHz",United States,199.942873464724,350.1,139,top500
167,Banking (M),IBM,"xSeries x3850M2 Cluster Xeon QC GT 2.53 GHz, GigEthernet",United States,196.763833992095,323.84,171,top500
168,"University of Cologne, Regional Computing Centre",Bull SA,"Bullx Supernode/Blade  Xeon X5550/X5650 2.66 Ghz, Infiniband",Germany,195.449374288965,439.5,108,derived
169,SciNet/University of Toronto,IBM,"iDataPlex, Xeon E55xx QC 2.53 GHz, GigE",Canada,193.926846100759,869.4,45,submission
170,Internet Service,IBM,"xSeries x3650M2 Cluster, Xeon QC E55xx 2.53 Ghz, GigE",China,193.31284233755,253.77,321,top500
171,Internet Service,IBM,"xSeries x3650M2 Cluster, Xeon QC E55xx 2.53 Ghz, GigE",China,193.31284233755,253.77,322,top500
172,Internet Service,IBM,"xSeries x3650M2 Cluster, Xeon QC E55xx 2.53 Ghz, GigE",China,193.31284233755,253.77,323,top500
173,Internet Service,IBM,"xSeries x3650M2 Cluster, Xeon QC E55xx 2.53 Ghz, GigE",China,193.31284233755,253.77,324,top500
174,Electronics,IBM,"xSeries x3550M2 Cluster Xeon QC GT 2.26 GHz, Infiniband",United States,187.5910376146,233.42,412,submission
175,Service Provider,IBM,"xSeries x3650M3, Xeon X56xx 2.53 GHz, GigE",Japan,185.773035230352,295.2,225,top500
176,Service Provider,IBM,"xSeries x3650M3, Xeon X56xx 2.53 GHz, GigE",Japan,185.773035230352,295.2,226,top500
177,Service Provider,IBM,"xSeries x3650M3, Xeon X56xx 2.53 GHz, GigE",Japan,185.773035230352,295.2,227,top500
178,Government,IBM,"xSeries x3650M3, Xeon X56xx 2.53 GHz, GigE",Russia,185.772135363514,244.97,386,top500
179,Internet Service,IBM,"xSeries x3650M3, Xeon X56xx 2.53 GHz, GigE",China,185.770630643242,285.74,238,top500
180,Internet Service,IBM,"xSeries x3650M3, Xeon X56xx 2.53 GHz, GigE",China,185.770630643242,285.74,239,top500
181,Internet Service,IBM,"xSeries x3650M3, Xeon X56xx 2.53 GHz, GigE",China,185.770630643242,285.74,240,top500
182,Internet Service,IBM,"xSeries x3650M3, Xeon X56xx 2.53 GHz, GigE",China,185.770630643242,285.74,241,top500
183,Internet Service,IBM,"xSeries x3650M3, Xeon X56xx 2.53 GHz, GigE",China,185.770630643242,285.74,242,top500
184,Internet Service,IBM,"xSeries x3650M3, Xeon X56xx 2.53 GHz, GigE",China,185.770630643242,285.74,243,top500
185,Internet Service,IBM,"xSeries x3650M3, Xeon X56xx 2.53 GHz, GigE",China,185.770630643242,285.74,244,top500
186,Internet Service,IBM,"xSeries x3650M3, Xeon X56xx 2.53 GHz, GigE",China,185.770630643242,285.74,245,top500
187,Internet Service,IBM,"xSeries x3650M3, Xeon X56xx 2.53 GHz, GigE",China,185.770630643242,285.74,246,top500
188,Internet Service,IBM,"xSeries x3650M3, Xeon X56xx 2.53 GHz, GigE",China,185.770630643242,285.74,247,top500
189,Internet Service,IBM,"xSeries x3650M3, Xeon X56xx 2.53 GHz, GigE",China,185.770630643242,285.74,248,top500
190,Internet Service,IBM,"xSeries x3650M3, Xeon X56xx 2.53 GHz, GigE",China,185.770630643242,285.74,249,top500
191,Internet Service,IBM,"xSeries x3650M3, Xeon X56xx 2.53 GHz, GigE",China,185.770554746458,302.12,201,top500
192,Internet Service,IBM,"xSeries x3650M3, Xeon X56xx 2.53 GHz, GigE",China,185.770554746458,302.12,202,top500
193,Internet Service,IBM,"xSeries x3650M3, Xeon X56xx 2.53 GHz, GigE",China,185.770554746458,302.12,203,top500
194,Internet Service,IBM,"xSeries x3650M3, Xeon X56xx 2.53 GHz, GigE",China,185.769482087559,351.99,164,top500
195,Service Provider,IBM,"xSeries x3550M3, Xeon X56xx 2.53 GHz, GigE",China,185.765924973894,248.98,366,top500
196,Service Provider,IBM,"xSeries x3550M3, Xeon X56xx 2.53 GHz, GigE",China,185.765924973894,248.98,367,top500
197,University of Chicago,Cray Inc.,Cray XE6 12-core 2.1 GHz,United States,185.707326434508,677.41,65,derived
198,Korea Meteorological Administration,Cray Inc.,Cray XE6 12-core 2.1 GHz,"Korea, South",184.856274830568,1711.6,21,derived
199,Korea Meteorological Administration,Cray Inc.,Cray XE6 12-core 2.1 GHz,"Korea, South",184.838996120952,1711.76,20,derived
200,Cray Inc.,Cray Inc.,Cray XE6 12-core 2.1 GHz,United States,184.056379278785,327.78,180,derived
201,"Carrillo Business Technologies, Inc",Hewlett-Packard,"Cluster Platform 4000 BL465c G7, 12C Opteron 2.2Ghz, Infiniband",United States,182.72481827622,288.9,271,derived
202,Purdue University,Hewlett-Packard,"HP Cluster Platform 4000 DL165 G7 Cluster, Opteron 12-core 2.1 Ghz, 10G",United States,181.792721137624,414.9,124,derived
203,Financial Institution,IBM,"xSeries x3650M3, Xeon X56xx 2.66 GHz, GigE",Japan,181.775024941802,360.84,162,top500
204,Government,IBM,"BladeCenter HS22 Cluster, Xeon QC X55xx 2.53 GHz, GigEthernet",United States,181.445845431765,251.41,383,submission
205,Financial Services (P),IBM,"xSeries x3650M2 Cluster, Xeon QC E55xx 2.53 Ghz, GigE",United Kingdom,181.338099703079,255.96,365,submission
206,Shanghai Supercomputer Center,Dawning,"Dawning 5000A, QC Opteron 1.9 Ghz, Infiniband, Windows HPC 2008",China,180.6,1000,40,submission
207,Telecommunications,IBM,"BladeCenter HS22 Cluster, Xeon QC GT 2.53 GHz, GigEthernet",Italy,178.93216475397,254.44,385,submission
208,Network Company,IBM,"BladeCenter HS22 Cluster, Xeon QC E5xx 2.53 GHz, GigEthernet",China,178.930656795023,262.03,357,top500
209,Network Company,IBM,"BladeCenter HS22 Cluster, Xeon QC E5xx 2.53 GHz, GigEthernet",China,178.930656795023,262.03,358,top500
210,Network Company,IBM,"BladeCenter HS22 Cluster, Xeon QC E5xx 2.53 GHz, GigEthernet",China,178.930656795023,262.03,359,top500
211,Information Service,IBM,"BladeCenter HS22 Cluster, Xeon QC E5xx 2.53 GHz, GigEthernet",France,178.930249367546,276.7,316,top500
212,Logistics,IBM,"BladeCenter HS22 Cluster, Xeon QC E5xx 2.53 GHz, GigEthernet",Germany,178.929313088271,370.79,157,top500
213,Financial Institution (P),IBM,"BladeCenter HS22 Cluster, Xeon QC GT 2.53 GHz, GigEthernet",United Kingdom,178.929202828672,248.88,404,submission
214,Financial Institution (P),IBM,"BladeCenter HS22 Cluster, Xeon QC GT 2.53 GHz, GigEthernet",United Kingdom,178.929202828672,248.88,405,submission
215,IT Service Provider (B),IBM,"BladeCenter HS22 Cluster, Xeon QC X55xx 2.53 GHz, GigEthernet",United States,178.929165973031,240.28,427,top500
216,IT Service Provider (B),IBM,"BladeCenter HS22 Cluster, Xeon QC X55xx 2.53 GHz, GigEthernet",United States,178.929165973031,240.28,428,top500
217,IT Service Provider (B),IBM,"BladeCenter HS22 Cluster, Xeon QC X55xx 2.53 GHz, GigEthernet",United States,178.929165973031,240.28,429,top500
218,Government,IBM,"BladeCenter HS22 Cluster, Xeon QC GT 2.53 GHz, GigEthernet",United States,178.928056401218,249.64,400,submission
219,Telecommunication Company,IBM,"BladeCenter HS22 Cluster, Xeon QC GT 2.53 GHz, GigEthernet",China,178.926108776368,245.09,410,submission
220,Telecommunication Company,IBM,"BladeCenter HS22 Cluster, Xeon QC GT 2.53 GHz, GigEthernet",China,178.926108776368,245.09,411,submission
221,IT Services Provider (C),IBM,"BladeCenter HS22 Cluster, Xeon QC X55xx 2.53 GHz, GigEthernet",United States,178.925520497961,232.95,454,top500
222,IT Services Provider (C),IBM,"BladeCenter HS22 Cluster, Xeon QC X55xx 2.53 GHz, GigEthernet",United States,178.925520497961,232.95,455,top500
223,IT Services Provider (C),IBM,"BladeCenter HS22 Cluster, Xeon QC X55xx 2.53 GHz, GigEthernet",United States,178.925520497961,232.95,456,top500
224,Moscow State University - Research Computing Center,SKIF/T-Platforms,"T-Platforms T60, Intel Quadcore 3Ghz, Infiniband DDR",Russia,178,265,353,top500
225,Forschungszentrum Juelich (FZJ),Bull SA,"Sun Constellation, NovaScale R422-E2, Intel Xeon X5570, 2.93 GHz, Sun M9/Mellanox  QDR Infiniband/Partec Parastation",Germany,177.404777275662,1549,25,top500
226,Telecommunication Company,IBM,"xSeries x3650M3, Xeon X56xx 2.93 GHz, GigE",China,177.019054535394,289.17,293,top500
227,Telecommunication Company,IBM,"xSeries x3650M3, Xeon X56xx 2.93 GHz, GigE",China,177.019054535394,289.17,294,top500
228,Telecommunication Company,IBM,"xSeries x3650M3, Xeon X56xx 2.93 GHz, GigE",China,177.019054535394,289.17,295,top500
229,Telecommunication Company,IBM,"xSeries x3650M3, Xeon X56xx 2.93 GHz, GigE",China,177.019054535394,289.17,296,top500
230,Engineering Company,IBM,"xSeries x3650M3, Xeon X56xx 2.93 GHz, GigE",China,177.017873620177,292.61,281,top500
231,Engineering Company,IBM,"xSeries x3650M3, Xeon X56xx 2.93 GHz, GigE",China,177.017873620177,292.61,282,top500
232,Engineering Company,IBM,"xSeries x3650M3, Xeon X56xx 2.93 GHz, GigE",China,177.017873620177,292.61,283,top500
233,Banking (M),IBM,"xSeries x3650M3, Xeon X56xx 2.93 GHz, GigE",United States,177.016465589195,395.37,140,top500
234,Banking (M),IBM,"xSeries x3650M3, Xeon X56xx 2.93 GHz, GigE",United States,177.016465589195,395.37,141,top500
235,Banking (M),IBM,"xSeries x3650M3, Xeon X56xx 2.93 GHz, GigE",United States,177.016465589195,395.37,142,top500
236,Government,IBM,"xSeries x3650M3, Xeon X56xx 2.93 GHz, GigE",United States,177.016439058324,273.13,331,top500
237,Government,IBM,"xSeries x3650M3, Xeon X56xx 2.93 GHz, GigE",United States,177.016439058324,273.13,332,top500
238,Bank (J),IBM,"xSeries x3650M3, Xeon X56xx 2.93 GHz, GigE",United Kingdom,177.015161985285,246.01,415,top500
239,Bank (J),IBM,"xSeries x3650M3, Xeon X56xx 2.93 GHz, GigE",United Kingdom,177.015161985285,246.01,416,top500
240,Service Provider,IBM,"BladeCenter HS22 Cluster, Xeon QC GT 2.53 GHz, GigEthernet",United States,176.240148354196,431.4,122,top500
241,Financial Institution (),IBM,"iDataPlex, Xeon E55xx QC 2.26 GHz, GigEthernet",Belgium,174.579376978178,240.12,445,submission
242,Financial Institution (),IBM,"iDataPlex, Xeon E55xx QC 2.26 GHz, GigEthernet",Belgium,174.579376978178,240.12,446,submission
243,Financial Services (H),IBM,"BladeCenter HS22 Cluster, Xeon QC X55xx 2.26 GHz, GigE",United States,172.698502860389,246.47,433,top500
244,Financial Services (H),IBM,"BladeCenter HS22 Cluster, Xeon QC X55xx 2.26 GHz, GigE",United States,172.698502860389,246.47,434,top500
245,Financial Services (H),IBM,"BladeCenter HS22 Cluster, Xeon QC X55xx 2.26 GHz, GigE",United States,172.698502860389,246.47,435,top500
246,Engineering Company,IBM,"BladeCenter HS22 Cluster, Xeon QC GT 2.66 GHz, GigEthernet",China,172.403689403689,233.1,500,submission
247,Engineering Company,IBM,"BladeCenter HS22 Cluster, Xeon QC GT 2.66 GHz, GigEthernet",China,172.403579871665,296.1,298,top500
248,Engineering Company,IBM,"BladeCenter HS22 Cluster, Xeon QC GT 2.66 GHz, GigEthernet",China,172.403579871665,296.1,299,top500
249,Government,Cray Inc.,Cray XE6 12-core 2.2 GHz,United States,171.173362991798,1726.32,23,derived
250,Atomic Weapons Establishment,Bull SA,"Bullx B500 Cluster, Xeon X56xx 2.8Ghz, QDR Infiniband",United Kingdom,169.148690658811,736.63,67,derived
251,"Computational Research Laboratories, TATA SONS",Hewlett-Packard,"Cluster Platform 3000 BL460c, Xeon 53xx 3GHz, Infiniband",India,168.956743002545,786,58,top500
252,Financial Institution (P),IBM,"iDataPlex, Xeon E55xx QC 2.26 GHz, GigEthernet",France,167.175511508951,375.36,175,top500
253,Semiconductor Company (C),IBM,"BladeCenter HS22 Cluster, Xeon QC GT 2.93 GHz, GigEthernet",United States,166.773125400555,280.86,360,submission
254,University of Colorado,Dell,"PowerEdge C6100 Cluster, Xeon X5660 2.8 Ghz, Infiniband",United States,166.739702015776,912.8,52,derived
255,University of Edinburgh,Cray Inc.,Cray XE6 12-core 2.1 GHz,United Kingdom,166.101976810492,1683.52,24,derived
256,Naval Oceanographic Office - NAVO DSRC,Cray Inc.,Cray XT5 QC 2.4 GHz,United States,163.949736797419,588.9,92,top500
257,Amazon Web Services,Self-made,"Amazon EC2 Cluster, Xeon X5570 2.95 Ghz, 10G Ethernet",United States,162.414074332984,257.49,451,derived
258,Commissariat a l'Energie Atomique (CEA),Bull SA,"Bullx S6010 Cluster,  Xeon 2.26 Ghz 8-core, QDR Infiniband",France,161.981481481482,540,106,derived
259,US Army Research Laboratory (ARL),Cray Inc.,Cray XT5 QC 2.3 GHz,United States,159.66735966736,481,120,top500
260,MD Anderson,Hewlett-Packard,"Cluster Platform 4000 BL465c, Opteron 12 2.2GHz, Infiniband",United States,159.166666666667,302.4,339,derived
261,Los Alamos National Laboratory,SGI,"SGI Altix XE 1300 Cluster Solutions, 2.66GHZ, Infiniband",United States,156.868532135076,293.76,370,derived
262,Los Alamos National Laboratory,SGI,"SGI Altix XE 1300 Cluster Solutions, 2.66GHZ, Infiniband",United States,156.868489583333,307.2,337,derived
263,Texas Tech University,Dell,"Poweredge Cluster, Xeon X5660 2.8Ghz, Infiniband DDR",United States,155.547960811119,438.9,147,derived
264,Maui High-Performance Computing Center (MHPCC),Dell,"PowerEdge 1955, 3.0 GHz, Infiniband",United States,155.274725274725,273,439,derived
265,New Mexico Computing Applications Center (NMCAC),SGI,"SGI Altix ICE 8200, Xeon quad core 3.0 GHz",United States,154.590717593399,861.63,57,top500
266,UCSD/San Diego Supercomputer Center,Appro International,"Appro 1U-1143H Cluster, Opteron 8C 2.4Ghz, Infiniband QDR",United States,152.169981916817,442.4,151,derived
267,Universitaet Aachen/RWTH,Bull SA,"Bullx B500 Cluster, Xeon X56xx 3.06Ghz, QDR Infiniband",Germany,151.704482720548,1449.12,32,derived
268,System Integrator (A),Hewlett-Packard,"HP ProLiant SL390s G7 Xeon 4C X5677, GigE",Taiwan,150.803974706414,287.82,420,derived
269,Texas Advanced Computing Center/Univ. of Texas,Dell,"Dell PowerEdge M610 Cluster, Xeon 5680 3.3Ghz, Infiniband QDR",United States,150.708052526365,1670.78,28,derived
270,NACAD/COPPE/UFRJ,Oracle,"Sun Blade x6048, Xeon X5560 2.8 Ghz, Infiniband QDR",Brazil,150.302325581395,430,167,top500
271,Web Content Provider (L),Hewlett-Packard,"HP DL160 Cluster G6, Xeon X5650 2.66 GHz, GigE",Ireland,149.981481481482,270,489,derived
272,Web Content Provider,Hewlett-Packard,"HP DL160 Cluster G6, Xeon X5650 2.66 GHz, GigE",United States,149.641025641026,292.5,413,derived
273,IT Provider (P),Hewlett-Packard,"HP DL160 Cluster G6, Xeon X5650 2.66 GHz, GigE",United States,149.408706952567,307.8,373,derived
274,IT Provider (P),Hewlett-Packard,"HP DL160 Cluster G6, Xeon X5650 2.66 GHz, GigE",United States,148.930150309461,339.3,307,derived
275,University of Bergen,Cray Inc.,Cray XT4 QuadCore 2.3 GHz,Norway,147.745058784989,274.73,487,top500
276,CSC (Center for Scientific Computing),Cray Inc.,Cray XT5/XT4 QC 2.3 GHz,Finland,146.908602150538,520.8,121,submission
277,Telecommunication Company,Hewlett-Packard,"HP DL160 Cluster G6, Xeon X5650 2.66 GHz, GigE",Japan,146.338325991189,510.75,127,derived
278,IT Service Provider (B),Hewlett-Packard,"Cluster Platform 4000 BL465c G6, Xeon 2.4 GHz, GigE",United States,146.298068647365,290.47,436,derived
279,Network Company,IBM,"BladeCenter HS22 Cluster, Xeon QC GT 2.53 GHz, GigEthernet",China,145.968877099912,282.75,476,submission
280,Network Company,IBM,"BladeCenter HS22 Cluster, Xeon QC GT 2.53 GHz, GigEthernet",China,145.968877099912,282.75,477,submission
281,Network Company,IBM,"BladeCenter HS22 Cluster, Xeon QC GT 2.53 GHz, GigEthernet",China,145.968877099912,282.75,478,submission
282,Kyushu University,Fujitsu,"PRIMERGY RX200 S6, Xeon X5670 2.93 GHz, Infiniband QDR",Japan,143.219952060267,350.44,311,derived
283,Air Force Research Laboratory,Cray Inc.,Cray XE6 8-core 2.4 GHz,United States,142.996441281139,2351.80677915484,19,derived
284,INPE (National Institute for Space Research),Cray Inc.,Cray XT6 12-core 2.1 GHz,Brazil,142.169910719237,1442.64,34,derived
285,Web Company (F),Hewlett-Packard,"HP DL180 Cluster G6, Xeon E5540 2.53 GHz, GigE",United States,142.00380952381,315,399,derived
286,Web Company (F),Hewlett-Packard,"HP DL180 Cluster G6, Xeon E5540 2.53 GHz, GigE",United States,141.563368055556,345.6,326,derived
287,Web Company (F),Hewlett-Packard,"HP DL180 Cluster G6, Xeon E5540 2.53 GHz, GigE",United States,141.563368055556,345.6,327,derived
288,Web Company (F),Hewlett-Packard,"HP DL180 Cluster G6, Xeon E5540 2.53 GHz, GigE",United States,141.010677083333,384,231,derived
289,Web Company (F),Hewlett-Packard,"HP DL180 Cluster G6, Xeon E5540 2.53 GHz, GigE",United States,141.010677083333,384,232,derived
290,Web Company (F),Hewlett-Packard,"HP DL180 Cluster G6, Xeon E5540 2.53 GHz, GigE",United States,141.010677083333,384,233,derived
291,Web Company (F),Hewlett-Packard,"HP DL180 Cluster G6, Xeon E5540 2.53 GHz, GigE",United States,140.915770609319,390.6,223,derived
292,Web Company (F),Hewlett-Packard,"HP DL180 Cluster G6, Xeon E5540 2.53 GHz, GigE",United States,140.915770609319,390.6,224,derived
293,Web Content Provider,Hewlett-Packard,"HP DL160 Cluster G6, Xeon E5640 2.53 GHz, GigE",United States,140.881170483461,393,217,derived
294,Classified,SGI,"Rackable(tm) C2005-TY2 Cluster, Xeon E5630 quad core 2.53 GHz, Gigabit Ethernet",United States,140.815769729214,293.22,472,derived
295,National Institute for Computational Sciences/University of Tennessee,Cray Inc.,Cray XT4 QuadCore 2.3 GHz,United States,140.779910443059,888.82,66,top500
296,Web Content Provider,Hewlett-Packard,"HP DL160 Cluster G6, Xeon E5640 2.53 GHz, GigE",United States,139.715400843882,474,158,derived
297,Saudi Aramco,ClusterVision/Dell,"Dell PowerEdge M610 Cluster, Nehalem-EP 2.93Ghz, Infiniband",Saudi Arabia,138.274629237288,302.08,452,derived
298,Saudi Aramco,Hewlett-Packard,"Cluster Platform 3000 BL280c G6, Xeon X5670 2.93Ghz, Infiniband QDR",Saudi Arabia,137.630208333333,460.8,172,derived
299,NCSA,Dell,"PowerEdge 1955, 2.33 GHz, Infiniband, Windows Server 2008/Red Hat Enterprise Linux 4",United States,136.121491611672,503.08,145,derived
300,Lawrence Livermore National Laboratory,Appro International,"Appro GreenBlade Cluster Xeon X5660 2.8Ghz, nVIDIA M2050, Infiniband",United States,134.89932885906,745,86,top500
301,Web Content Provider,Hewlett-Packard,"HP DL160 Cluster G6, Xeon E5620 2.4 GHz, GigE",United States,134.779015334948,309.75,453,derived
302,Social NW Provider,Hewlett-Packard,"HP DL180 Cluster G6, Xeon E5620 2.4 GHz, GigE",United States,134.704761904762,315,437,derived
303,Manufacturing Company,Hewlett-Packard,"Cluster Platform 3000 BL260c G6, X5675 3.06 GHz, Infiniband",France,134.424603174603,1814.4,29,derived
304,ERDC DSRC,Cray Inc.,Cray XT4 QuadCore 2.1 GHz,United States,134.257822755806,418.97,200,top500
305,Web Content Provider,Hewlett-Packard,"HP DL160 Cluster G6, Xeon E5620 2.4 GHz, GigE",United States,133.888,375,310,derived
306,Web Content Provider,Hewlett-Packard,"HP DL160 Cluster G6, Xeon E5620 2.4 GHz, GigE",United States,133.369899503572,412.95,222,derived
307,Social NW Provider,Hewlett-Packard,"HP DL180 Cluster G6, Xeon E5620 2.4 GHz, GigE",United States,133.314148681055,417,215,derived
308,Web Content Provider,Hewlett-Packard,"HP DL160 Cluster G6, Xeon E5620 2.4 GHz, GigE",United States,131.733483483484,532.8,138,derived
309,Lawrence Livermore National Laboratory,Appro International,"Appro Xtreme-X3 Server - Quad Opteron Quad Core 2.3 GHz, Infiniband",United States,131.629788001339,776.42,83,derived
310,Engineering Company,IBM,"xSeries x3650M2 Cluster, Xeon QC E55xx 2.53 Ghz, GigE",China,130.248524623525,393.12,292,submission
311,DOE/SC/Oak Ridge National Laboratory,Cray Inc.,Cray XT4 QuadCore 2.1 GHz,United States,129.688557673451,1580.71,35,top500
312,Technische Universitaet Wien,Oracle,"Sun Blade x2270/Supermicro SC827T-R1400, Xeon X5550 2.66 Ghz, Infiniband QDR",Austria,129.312865497076,410.4,250,derived
313,Digital Media,IBM,"xSeries x3650M2 Cluster Xeon QC GT 2.66 GHz, GigEthernet",Singapore,128.936086818059,408.21,273,top500
314,Service Provider,IBM,"xSeries x3650M2 Cluster, Xeon QC E55xx 2.53 Ghz, GigE",China,128.935912552981,313.79,490,submission
315,Service Provider,IBM,"xSeries x3650M2 Cluster, Xeon QC E55xx 2.53 Ghz, GigE",China,128.935912552981,313.79,491,submission
316,Service Provider,IBM,"xSeries x3650M2 Cluster, Xeon QC E55xx 2.53 Ghz, GigE",China,128.935912552981,313.79,492,submission
317,Communications,IBM,"xSeries x3650M2 Cluster Xeon QC GT 2.66 GHz, GigEthernet",France,128.935636589077,354.86,377,top500
318,Communications,IBM,"xSeries x3650M2 Cluster Xeon QC GT 2.66 GHz, GigEthernet",France,128.935636589077,354.86,378,top500
319,Engineering Company,IBM,"xSeries x3650M2 Cluster, Xeon QC E55xx 2.53 Ghz, GigE",China,128.935053575333,320.11,473,submission
320,Engineering Company,IBM,"xSeries x3650M2 Cluster, Xeon QC E55xx 2.53 Ghz, GigE",China,128.935053575333,320.11,474,submission
321,Engineering Company,IBM,"xSeries x3650M2 Cluster, Xeon QC E55xx 2.53 Ghz, GigE",China,128.935053575333,320.11,475,submission
322,Network Company (B),IBM,"xSeries x3650M2 Cluster Xeon QC GT 2.66 GHz, GigEthernet",United States,128.934621227321,348.89,393,top500
323,Banking (M),IBM,"xSeries x3650M2 Cluster, Xeon QC E55xx 2.53 Ghz, GigE",United States,128.934134075485,409.62,266,top500
324,Banking (M),IBM,"xSeries x3650M2 Cluster, Xeon QC E55xx 2.53 Ghz, GigE",United States,128.934134075485,409.62,267,top500
325,Banking (M),IBM,"xSeries x3650M2 Cluster, Xeon QC E55xx 2.53 Ghz, GigE",United States,128.934134075485,409.62,268,top500
326,Banking (M),IBM,"xSeries x3650M2 Cluster, Xeon QC E55xx 2.53 Ghz, GigE",United States,128.934134075485,409.62,269,top500
327,Arrow Enterprise Computing Solutions,Hewlett-Packard,Cluster Platform 4000 BL465c G7,United States,122.72122421823,375.75,369,derived
328,"Information Technology Center, The University of Tokyo",Hitachi,Hitachi opteron QC 2.3 GHz Myrinet 10G,Japan,122.3583884546,831.5,84,top500
329,Kyoto University,Fujitsu,"Fujitsu Cluster HX600, Opteron Quad Core, 2.3 GHz, Infiniband",Japan,121.418269230769,416,308,derived
330,iVEC,Hewlett-Packard,"HP Pod BL2x220, X5660 2.8 Ghz, Infiniband QDR",Australia,121.109305555556,720,107,derived
331,"University of Tokyo/Human Genome Center, IMS",Oracle,"SunBlade x6250, Xeon E5450 3GHz, Infiniband",Japan,120.045174719872,451.58,230,derived
332,Distribution,IBM,"xSeries x3550 Cluster, QC HT Xeon 2.66 GHz, Infiniband",United States,119.836539212369,384.19,371,submission
333,Lawrence Livermore National Laboratory,Appro International,"Appro Xtreme-X3 Opteron 2.0GHz, Infiniband DDR",United States,118.685714285714,700,110,top500
334,Maui High-Performance Computing Center (MHPCC),Dell,"Dell PowerEdge M610 Cluster, Nehalem-EP 2.8Ghz, Infiniband",United States,118.632589364584,679.24,113,derived
335,HLRN at Universitaet Hannover / RRZN,SGI,"SGI Altix ICE 8200EX, Xeon QC E5472 3.0 GHz/X5570 2.93 GHz",Germany,117.516678370787,911.36,77,derived
336,HLRN at ZIB/Konrad Zuse-Zentrum fuer Informationstechnik,SGI,"SGI Altix ICE 8200EX, Xeon QC E5472 3.0 GHz/X5570 2.93 GHz",Germany,117.516678370787,911.36,78,derived
337,University of Minnesota/Supercomputing Institute,Hewlett-Packard,"Cluster Platform 3000 BL280c G6, Xeon X55xx 2.8Ghz, Infiniband",United States,117.375972611267,642.6,125,derived
338,Lawrence Livermore National Laboratory,Appro International,"Appro XtremeServer 1143H, Opteron QC 2.2Ghz, Infiniband",United States,115.539947322212,1139,59,derived
339,"Center for Computational Sciences, University of Tsukuba",Appro International,"Appro Xtreme-X3 Server - Quad Opteron Quad Core 2.3 GHz, Infiniband",Japan,115.034236379875,671.8,118,top500
340,Audi AG,Hewlett-Packard,"Cluster Platform 3000 BL2x220, X56xx 2.66 Ghz, Infiniband",Germany,111.713888888889,360,499,derived
341,"Carrillo Business Technologies, Inc",Hewlett-Packard,"Cluster Platform 3000 BL280c G6, Xeon X5650 2.67Ghz, Infiniband QDR",United States,110.197246237592,624.6,144,derived
342,Service Provider,IBM,"xSeries x3650M2 Cluster, Xeon QC E55xx 2.26 Ghz, GigE",Japan,109.543184977776,510.71,204,submission
343,Los Alamos National Laboratory,Appro International,"Appro Xtreme Opteron 2 GHz, Infiniband QDR",United States,108.890899316892,762.69,111,derived
344,JAXA,Fujitsu,"Fujitsu FX1, Quadcore  SPARC64 VII  2.52 GHz, Infiniband DDR",Japan,108.378245957864,1020.5,73,top500
345,Manufacturing Company,Hewlett-Packard,"Cluster Platform 3000 BL460c G6, Xeon X5570 2.93 GHz, Infiniband",France,105.36022368969,840.45,103,derived
346,Wroclaw Centre for Networking and Supercomputing,Hewlett-Packard,"Cluster Platform 3000 BL2x220, X56xx 2.66 Ghz, Infiniband",Poland,102.382565895067,560.74,194,derived
347,Service Provider,IBM,"xSeries x3650M2 Cluster, Xeon QC E55xx 2.26 Ghz, GigE",Japan,102.015161086545,633.2,168,top500
348,Cyfronet,Hewlett-Packard,"Cluster Platform 3000 BL2x220, L56xx 2.26 Ghz, Infiniband",Poland,101.421144854158,1032.97,81,derived
349,DLR - CASE,Oracle,"Oracle Blade Server X6275,  X5670 2.93 GHz, Infiniband QDR",Germany,100.936339117602,786.04,114,derived
350,Kurchatov Institute Moscow,Hewlett-Packard,"Cluster Platform 3000 BL2x220, E54xx 3.0 Ghz, Infiniband",Russia,100.232723959674,1009.78,85,derived
351,CSIRO (Commonwealth Scientific),Hewlett-Packard,"Cluster Platform 3000 BL2x220, X56xx 2.8 Ghz, Infiniband QDR",Australia,99.8433962264151,424,440,derived
352,CSIRO (Commonwealth Scientific),Hewlett-Packard,"Cluster Platform 3000 BL2x220, X56xx 2.8 Ghz, Infiniband QDR",Australia,99.8433962264151,424,441,derived
353,Sandia National Laboratories / National Renewable Energy Laboratory,Oracle,"Sun Blade x6275, Xeon X55xx 2.93 Ghz, Infiniband",United States,99.7990206573613,4343.73,16,derived
354,University of Kentucky,Dell,"PowerEdge C6100 Cluster, Xeon X5650 2.66 Ghz, Infiniband",United States,99.310174919931,405.9,498,derived
355,Fermi National Accelerator Laboratory,Koi Computers,"Koi 1042G-TF Cluster, Opteron 8-core 2Ghz, Infiniband",United States,96.09375,448,425,derived
356,Actebis Peacock GmbH,Hewlett-Packard,"Cluster Platform 3000 BL460c G6, Xeon L5640 2.26 GHz, 10G",Germany,94.423828125,460.8,417,derived
357,Actebis Peacock GmbH,Hewlett-Packard,"Cluster Platform 3000 BL460c G6, Xeon L5640 2.26 GHz, 10G",Germany,94.423828125,460.8,418,derived
358,IT Service Provider,Hewlett-Packard,"Cluster Platform 3000 BL2x220, E54xx 3.0 Ghz, Infiniband",Germany,94.4047951211735,1003.52,95,derived
359,Barcelona Supercomputing Center,IBM,"BladeCenter JS21 Cluster, PPC 970, 2.3 GHz, Myrinet",Spain,93.3746836554075,683.59,170,submission
360,Actebis Peacock GmbH,Hewlett-Packard,"Cluster Platform 3000 BL460c G6, Xeon L5640 2.26 GHz, 10G",Germany,93.0295138888889,518.4,336,derived
361,SARA (Stichting Academisch Rekencentrum),IBM,"Power 575, p6 4.7 GHz, Infiniband",Netherlands,92.2534420289855,552,304,submission
362,IDRIS,IBM,"Power 575, p6 4.7 GHz, Infiniband",France,92.1978386494178,572.79,270,submission
363,United Kingdom Meteorological Office,IBM,"Power 575, p6 4.7 GHz, Infiniband",United Kingdom,92.1850337717739,562.6,279,submission
364,United Kingdom Meteorological Office,IBM,"Power 575, p6 4.7 GHz, Infiniband",United Kingdom,92.1850337717739,562.6,280,submission
365,Indian Institute of Tropical Meteorology,IBM,"Power 575, p6 4.7 GHz, Infiniband",India,92.1002055584337,598.37,221,submission
366,SciNet/University of Toronto,IBM,"Power 575, p6 4.7 GHz, Infiniband",Canada,91.9995111679326,531.88,325,submission
367,NCAR (National Center for Atmospheric Research),IBM,"Power 575, p6 4.7 GHz, Infiniband",United States,91.8909639574448,649.51,187,submission
368,National Centers for Environment Prediction,IBM,"Power 575, p6 4.7 GHz, Infiniband",United States,91.6687578419072,797,132,submission
369,CINECA,IBM,"Power 575, p6 4.7 GHz, Infiniband",Italy,91.5746226096672,859.19,116,submission
370,National Centers for Environment Prediction,IBM,"Power 575, p6 4.7 GHz, Infiniband",United States,91.5745406231982,797.82,133,submission
371,Naval Oceanographic Office - NAVO DSRC,IBM,"Power 575, p6 4.7 GHz, Infiniband",United States,90.497113017874,869.42,115,submission
372,DKRZ - Deutsches Klimarechenzentrum,IBM,"Power 575, p6 4.7 GHz, Infiniband",Germany,89.936291893318,1288.69,72,submission
373,Max-Planck-Gesellschaft MPI/IPP,IBM,"Power 575, p6 4.7 GHz, Infiniband",Germany,89.8840182648402,1095,88,submission
374,Clemson University,Dell/Sun/IBM,"PowerEdge 1950/SunFire X2200/iDataPlex/IBM dx340  Intel 53xx/54xx 2.33Ghz, Opteron 2.3 Ghz, E5410 2.33GHz Myrinet 10G",United States,88.1542699724518,1049.07,96,derived
375,National Institute for Fusion Science (NIFS),Hitachi,"Hitachi SR16000 Model L2/128, Power6 4.7Ghz, Infiniband",Japan,87.8294573643411,645,197,top500
376,University of Southern California,Dell/Sun/IBM,"PowerEdge 1950/SunFire X2200/IBM dx340/dx360/HP SL160, Xeon/Opteron 2.3-2.67GHz, Myrinet 10G",United States,87.3531444367657,1447,63,derived
377,ECMWF,IBM,"Power 575, p6 4.7 GHz, Infiniband",United Kingdom,87.1625178611717,1329.7,70,submission
378,ECMWF,IBM,"Power 575, p6 4.7 GHz, Infiniband",United Kingdom,87.1625178611717,1329.7,71,submission
379,Meteorological Research Institute (MRI),Hitachi,"Hitachi SR16000 Model L2/121, Power6 4.7Ghz, Infiniband",Japan,83.9728453364817,609.84,291,derived
380,Bull,Bull SA,Bull bullx super-node S6010/S6030,France,82.6748582230624,1058,105,derived
381,IT Service Provider,Hewlett-Packard,"Cluster Platform 3000 BL460c G6, Xeon E5670 2.93 GHz, GigE",United States,81.7100238663484,754.2,179,derived
382,Government Classified,Hewlett-Packard,"Cluster Platform 3000 BL460c G6, Xeon L5450 3 GHz, Infiniband",United States,81.5957692541487,822.55,152,derived
383,Sandia National Laboratories,Cray Inc.,Cray XT3/XT4,United States,81.4844373503592,2506,36,top500
384,IT Service Provider,Hewlett-Packard,"Cluster Platform 3000 BL460c G6, Xeon E5670 2.93 GHz, GigE",United States,81.457412862052,814.8,156,derived
385,IT Service Provider,Hewlett-Packard,"Cluster Platform 3000 BL460c G6, Xeon E5670 2.93 GHz, GigE",United States,81.3797839506173,648,272,derived
386,Yale University,Hewlett-Packard,"Cluster Platform 3000 BL460c G6, Xeon E5560 2.8 GHz, Infiniband",United States,81.2735768772532,646.29,275,derived
387,IT Service Provider,Hewlett-Packard,"Cluster Platform 3000 BL460c G6, Xeon E5670 2.93 GHz, GigE",Denmark,81.1385416666667,576,361,derived
388,Joint Supercomputer Center,Hewlett-Packard,"Cluster Platform 3000 BL460c/BL2x220, Xeon 54xx 3 Ghz, Infiniband",Russia,81.1050724637681,1324.8,76,derived
389,IT Service Provider,Hewlett-Packard,"Cluster Platform 3000 BL460c G6, Xeon E5670 2.93 GHz, GigE",United States,80.7359664351852,691.2,205,derived
390,IT Service Provider,Hewlett-Packard,"Cluster Platform 3000 BL460c G6, Xeon E5670 2.93 GHz, GigE",United States,80.7359664351852,691.2,206,derived
391,IT Service Provider,Hewlett-Packard,"Cluster Platform 3000 BL460c G6, Xeon X5670 2.93 GHz, 10G",United Kingdom,80.5501984126984,504,485,derived
392,Financial Institution,Hewlett-Packard,"Cluster Platform 3000 BL460c G6, Xeon X5670 2.93 GHz, Infiniband",United States,80.1862430550121,638.95,290,derived
393,"Computer Network Information Center, Chinese Academy of Science",Lenovo,"DeepComp 7000, HS21/x3950 Cluster, Xeon QC HT 3 GHz/2.93 GHz, Infiniband",China,78.7594618614201,1305.24,82,derived
394,TerraPower/Intellectual Ventures,Hewlett-Packard,"Cluster Platform 3000 SL2x170z, Xeon X5580 3.33 GHz, Infiniband",United States,76.9092100950508,610.2,355,derived
395,National Supercomputer Centre (NSC),Hewlett-Packard,"Cluster Platform 3000 DL140 Cluster, Xeon 53xx 2.33GHz Infiniband",Sweden,74.5183166434276,631.12,354,derived
396,IT Service Provider,Hewlett-Packard,"Cluster Platform 3000 BL460c G6, Xeon E5650 2.66 GHz, GigE",United States,72.4796401515151,633.6,374,derived
397,IT Services Provider (D),Hewlett-Packard,"Cluster Platform 3000 BL460c G6, Xeon E5650 2.66 GHz, GigE",United States,72.164886039886,561.6,488,derived
398,Ohio Supercomputer Center,IBM,"xSeries x3455 Cluster Opteron, DC 2.6 GHz/QC 2.5 GHz, Infiniband",United States,71.7896389324961,637,379,submission
399,Commissariat a l'Energie Atomique (CEA),Bull SA,"NovaScale 5160, Itanium2 1.6 GHz, Quadrics",France,70.6795077581594,747.6,265,derived
400,Saudi Aramco,ClusterVision/Dell,"Dell PowerEdge M610 Cluster, Xeon X5670 2.93Ghz, Infiniband QDR",Saudi Arabia,69.6835275423729,906.24,173,derived
401,IT Service Provider,Hewlett-Packard,"Cluster Platform 3000 SL2x170z, Xeon L5680 3.33 GHz, Infiniband",United States,69.6678240740741,864,183,derived
402,IT Service Provider,Hewlett-Packard,"Cluster Platform 3000 SL2x170z, Xeon L5680 3.33 GHz, Infiniband",United States,69.6678240740741,864,184,derived
403,IT Service Provider,Hewlett-Packard,"Cluster Platform 3000 SL2x170z, Xeon L5680 3.33 GHz, Infiniband",United States,69.6678240740741,864,185,derived
404,Network Equipment Provider,Hewlett-Packard,"Cluster Platform 3000 BL460c G1, Xeon E5450 3.0 GHz, GigE",United States,64.866216361762,649.93,443,derived
405,IT Service Provider (D),Hewlett-Packard,"Cluster Platform 3000 BL460c, Xeon 54xx 3.0GHz, GigEthernet",United States,64.8554736487933,653.86,438,derived
406,Consulting (C),Hewlett-Packard,"Cluster Platform 3000 BL460c G1, Xeon E5450 3.0 GHz, GigE",United States,64.8326448150047,663.26,426,derived
407,Computacenter (UK) LTD,Hewlett-Packard,"Cluster Platform 3000 BL460c, Xeon 54xx 3.0GHz, GigEthernet",United Kingdom,64.6384029802397,740.88,340,derived
408,IT Service Provider (B),Hewlett-Packard,"Cluster Platform 3000 BL460c, Xeon 54xx 3.0GHz, GigEthernet",United States,64.6286251342642,744.8,338,derived
409,Government,Hewlett-Packard,"Cluster Platform 3000 BL2x220, L54xx 2.5 Ghz, Infiniband",France,63.9984324064343,2806.85,41,derived
410,National Fusion Research Institute,Hewlett-Packard,"HP BL685cG7, Opteron 12C, 2.2GHz, Infiniband","Korea, South",63.8247929492006,677.37,423,derived
411,IT Service Provider,Hewlett-Packard,"Cluster Platform 3000 BL460c G6, Xeon X5570 2.93 GHz, GigE",United States,63.1716046653032,723.64,380,derived
412,Information Services,Hewlett-Packard,"Cluster Platform 3000 BL460c G6, Xeon X5570 2.93 GHz, GigE",United States,63.1716046653032,723.64,381,derived
413,Max-Planck-Gesellschaft MPI/Eisenforschung,Megware,"Megware Saxonid 6100, Opteron 12C 2.3 GHz, Infiniband QDR",Germany,62.7421307506053,660.8,459,derived
414,Actebis Peacock GmbH,Hewlett-Packard,"Cluster Platform 3000 BL460c G6, Xeon L5640 2.26 GHz, 10G",Germany,61.6586206424967,731.21,389,derived
415,Actebis Peacock GmbH,Hewlett-Packard,"Cluster Platform 3000 BL460c G6, Xeon L5640 2.26 GHz, 10G",Germany,61.6586206424967,731.21,390,derived
416,Actebis Peacock GmbH,Hewlett-Packard,"Cluster Platform 3000 BL460c G6, Xeon L5640 2.26 GHz, 10G",Germany,61.6586206424967,731.21,391,derived
417,"Gdansk University of Technology, CI Task",ACTION,ACTION Xeon HP BL2x220/BL490 E5345/L5640 Infiniband,Poland,61.565899768147,1065.33,163,derived
418,Financial Institution,Hewlett-Packard,"Cluster Platform 3000 BL460c G6, Xeon L5520 2.26 GHz, Infiniband",United States,61.2242835563688,940.06,193,derived
419,US Army Research Laboratory (ARL),Linux Networx,Evolocity II (LS Supersystem) Xeon 51xx 3.0 GHz IB,United States,57.4756567028986,706.56,484,derived
420,Leibniz Rechenzentrum,SGI,Altix 4700 1.6 GHz,Germany,57.0770722249152,990.24,198,top500
421,QXL Poland SP ZOO,Hewlett-Packard,"Cluster Platform 3000 BL2x220, L54xx 2.5 Ghz, GigE",Poland,56.3267139283888,723.63,481,derived
422,Semiconductor Company (P),Hewlett-Packard,"Cluster Platform 3000 BL460c, Xeon 54xx 3.0GHz, GigEthernet",United States,56.1929114545009,815.4,375,derived
423,Semiconductor Company (P),Hewlett-Packard,"Cluster Platform 3000 BL460c, Xeon 54xx 3.0GHz, GigEthernet",United States,56.1929114545009,815.4,376,derived
424,IT Service Provider,Hewlett-Packard,"Cluster Platform 3000 BL460c, Xeon 54xx 3.0GHz, GigEthernet",United States,56.1929073342117,910.8,297,derived
425,Nasza Klasa,Hewlett-Packard,"Cluster Platform 3000 BL2x220, L54xx 2.5 Ghz, GigE",Poland,56.1225843008186,829.47,364,derived
426,Financial Service Provider,Hewlett-Packard,"Cluster Platform SL170z, Xeon X5650 2.66 Ghz, Infiniband",United States,55.7743055555556,777.6,421,derived
427,IT Services Provider (B),Hewlett-Packard,"Cluster Platform 3000 BL460c, Xeon 54xx 3.0GHz, GigEthernet",Canada,55.7134773662552,777.6,422,derived
428,Tomsk State University,T-Platforms,"T-Platforms T-Blade 1.1/2.0, Xeon X5670 2,93 GHz, Infiniband",Russia,55.6530992285182,751.8,450,derived
429,Financial Institution (U2),Hewlett-Packard,"Cluster Platform 3000 BL460c G7, Xeon X5675 3.06 Ghz, GigE",United States,55.3333021744973,855.83,348,derived
430,Financial Institution (U2),Hewlett-Packard,"Cluster Platform 3000 BL460c G7, Xeon X5675 3.06 Ghz, GigE",United States,55.3333021744973,855.83,349,derived
431,Air Force Research Laboratory - ARFL DSRC,SGI,Altix 4700 1.6 GHz,United States,54.834136357822,938.12,284,derived
432,DOE/SC/Pacific Northwest National Laboratory,Hewlett-Packard,"Cluster Platform 4000 DL185G5, Opteron QC 2.2 GHz, Infiniband DDR",United States,54.496,1781.25,91,derived
433,NASA/Ames Research Center/NAS,SGI,"SGI Altix 1.5/1.6/1.66 GHz, Voltaire Infiniband",United States,54.1855921855922,1228.5,155,derived
434,Financial Institution,Hewlett-Packard,"Cluster Platform 3000 BL460c G6, Xeon E5670 2.93 GHz, GigE",United States,54.1018610441387,761.508,480,derived
435,Arrow Enterprise Computing Solutions,Hewlett-Packard,"Cluster Platform 3000 BL460c G7, Xeon X5670 2.93 Ghz, GigE",United States,54.0262873201607,804.19,419,derived
436,IT Services Provider (D),Hewlett-Packard,"Cluster Platform 3000 BL460c G6, Xeon X5570 2.93 GHz, GigE",United States,54.0010019305491,818.42,409,derived
437,IT Services Provider (D),Hewlett-Packard,"Cluster Platform 3000 BL460c G6, Xeon X5670 2.93 GHz, GigE",United States,53.934309383873,855.83,368,derived
438,IT Services Provider (D),Hewlett-Packard,"Cluster Platform 3000 BL460c G6, Xeon E5670 2.93 GHz, GigE",United States,53.9145180827133,866.85,362,derived
439,IT Service Provider,Hewlett-Packard,"Cluster Platform 3000 BL460c G6, Xeon E5670 2.93 GHz, GigE",United States,53.831142535051,913.67,318,derived
440,IT Service Provider,Hewlett-Packard,"Cluster Platform 3000 BL460c G6, Xeon E5670 2.93 GHz, GigE",United States,53.831142535051,913.67,319,derived
441,IT Service Provider,Hewlett-Packard,"Cluster Platform 3000 BL460c G6, Xeon E5670 2.93 GHz, GigE",United States,53.831142535051,913.67,320,derived
442,IT Service Provider,Hewlett-Packard,"Cluster Platform 3000 BL460c G6, Xeon E5670 2.93 GHz, GigE",United States,53.7550713120582,956.36,286,derived
443,IT Service Provider,Hewlett-Packard,"Cluster Platform 3000 BL460c G6, Xeon E5670 2.93 GHz, GigE",United States,53.7550713120582,956.36,287,derived
444,IT Service Provider,Hewlett-Packard,"Cluster Platform 3000 BL460c G6, Xeon E5670 2.93 GHz, GigE",United States,53.7550713120582,956.36,288,derived
445,Financial Services (H),Hewlett-Packard,"Cluster Platform 3000 BL460c G1, Xeon L5420 2.5 GHz, GigE",United States,53.7116059809963,814.58,414,derived
446,IT Service Provider,Hewlett-Packard,"Cluster Platform 3000 BL460c G7, Xeon X5670 2.93 Ghz, GigE",United Kingdom,53.4625438259985,1120.91,186,derived
447,IT Service Provider,Hewlett-Packard,"Cluster Platform 3000 BL460c G7, Xeon X5670 2.93 Ghz, GigE",United States,53.3924631085368,1160.16,177,derived
448,Arrow Enterprise Computing Solutions,Hewlett-Packard,"Cluster Platform 3000 BL460c G7, Xeon X5670 2.93 Ghz, GigE",United States,53.3507946298064,1183.57,174,derived
449,IT Services Provider (C),Hewlett-Packard,"Cluster Platform 3000 BL460c G6, Xeon X5570 2.93 GHz, GigE",United States,53.2170154613783,1258.62,153,derived
450,Computacenter (UK) LTD,Hewlett-Packard,"Cluster Platform 3000 BL460c G1, Xeon L5420 2.5 GHz, GigE",United Kingdom,53.1056130987381,1105.45,190,derived
451,IT Service Provider (D),Hewlett-Packard,"Cluster Platform 3000 BL460c G6, Xeon E5670 2.93 GHz, GigE",United States,52.8385790113976,1471.37,117,derived
452,Purdue University,Hewlett-Packard,"Cluster Platform 3000 DL165, Opteron 2.5 GHz, 10GigE",United States,52.5600201409869,993,277,derived
453,Web Company (C),Hewlett-Packard,"Cluster Platform 4000 BL685c G7, Opteron 8C 2.4 Ghz, GigE",China,51.5147577722678,838.88,424,derived
454,Japan Agency for Marine -Earth Science and Technology,NEC,SX-9/E/1280M160,Japan,51,2400,68,derived
455,Financial Institute,Hewlett-Packard,"Cluster Platform 3000 BL460c G1, Xeon L5410 2.33 GHz, GigE",France,50.0363046687804,826.34,463,derived
456,Hosting Services,Hewlett-Packard,"Cluster Platform 3000 BL460c G1, Xeon L5410 2.33 GHz, GigE",United States,49.887396614148,903.17,392,derived
457,Logistic Services (E),Hewlett-Packard,"Cluster Platform 3000 BL460c G6, Xeon X5550 2.66 GHz, GigE",United States,48.9860974248774,842.29,479,derived
458,IT Service Provider,Hewlett-Packard,"Cluster Platform 3000 BL460c G7, Xeon X5650 2.66 Ghz, GigE",United States,48.8404522343552,932.26,384,derived
459,Web Company (C),Hewlett-Packard,"Cluster Platform 3000 BL460c G7, Xeon X5650 2.66 Ghz, GigE",China,48.7606815843883,981.83,342,derived
460,IT Services Provider (D),Hewlett-Packard,"Cluster Platform 3000 BL460c G6, Xeon X5550 2.66 GHz, GigE",United States,48.6965759661611,1021.31,312,derived
461,IT Services Provider (D),Hewlett-Packard,"Cluster Platform 3000 BL460c G7, Xeon X5650 2.66 Ghz, GigE",United States,48.4902622830987,1149.14,211,derived
462,IT Service Provider,Hewlett-Packard,"Cluster Platform 3000 BL460c G6, Xeon E5520 2.26 GHz, GigE",United States,48.3547546678246,921.2,403,derived
463,IT Service Provider,Hewlett-Packard,"Cluster Platform 3000 BL460c G7, Xeon X5650 2.66 Ghz, GigE",United States,48.1239686843502,1375.67,159,derived
464,Arrow Enterprise Computing Solutions,Hewlett-Packard,"Cluster Platform 3000 BL460c G7, Xeon X5650 2.66 Ghz, GigE",United States,47.8357142857143,1554,128,derived
465,Logistic Services (C),Hewlett-Packard,"Cluster Platform 3000 BL460c G6, Xeon E5540 2.53 GHz, GigE",United States,47.4785964912281,855,486,derived
466,Logistic Services (C),Hewlett-Packard,"Cluster Platform 3000 BL460c G6, Xeon E5540 2.53 GHz, GigE",United States,47.4339109751954,882.9,447,derived
467,Logistic Services (C),Hewlett-Packard,"Cluster Platform 3000 BL460c G6, Xeon E5540 2.53 GHz, GigE",United States,47.4339109751954,882.9,448,derived
468,Telecommunication Company,Hewlett-Packard,"Cluster Platform 3000 BL460c G6, Xeon E5540 2.53 GHz, GigE",China,47.4339109751954,882.9,449,derived
469,Logistic Services (C),Hewlett-Packard,"Cluster Platform 3000 BL460c G6, Xeon E5540 2.53 GHz, GigE",United States,46.5982587064677,964.8,394,derived
470,Netwok Equipment Provider,Hewlett-Packard,"Cluster Platform 3000 BL460c G6, Xeon E5540 2.53 GHz, GigE",Finland,46.3375246548323,892.32,462,derived
471,Logistic Services (C),Hewlett-Packard,"Cluster Platform 3000 BL460c G6, Xeon E5540 2.53 GHz, GigE",United States,46.3371031746032,1008,363,derived
472,IT Service Provider (D),Hewlett-Packard,"Cluster Platform 3000 BL460c G6, Xeon E5540 2.53 GHz, GigE",United States,46.312806372549,979.2,387,derived
473,IT Service Provider,Hewlett-Packard,"Cluster Platform 4000 BL685c G7, Opteron 12C 2.2 Ghz, GigE",United Kingdom,46.1450132843553,1426.49,160,derived
474,Government,Hewlett-Packard,"Cluster Platform 3000 BL2x220, E5530 2.4 GHz, GigE",United States,45.5012689658203,910.19,461,derived
475,Web Company (C),Hewlett-Packard,"Cluster Platform 4000 BL685c G7, Opteron 12C 2.1 Ghz, GigE",China,44.6914210128496,1058.4,351,derived
476,Actebis Peacock GmbH,Hewlett-Packard,"Cluster Platform 4000 BL685c G7, Opteron 12C 2.1 Ghz, GigE",Germany,44.5515078577264,1138.37,306,derived
477,Web Company (C),Hewlett-Packard,"Cluster Platform 4000 BL685c G7, Opteron 12C 2.1 Ghz, GigE",China,44.522830200116,1154.83,285,derived
478,IT Service Provider,Hewlett-Packard,"Cluster Platform 4000 BL685c G7, Opteron 12C 2.1 Ghz, GigE",United Kingdom,44.3909438257052,1230.1,229,derived
479,Telecommunication Company,Hewlett-Packard,"Cluster Platform 3000 BL460c G6, Xeon E5530 2.4 GHz, GigE",China,44.3387037037037,1080,341,derived
480,Web Company (C),Hewlett-Packard,"Cluster Platform 3000 BL460c G7, Xeon E5620 2.4 Ghz, GigE",China,43.5366568914956,1295.8,199,derived
481,IT Service Provider,Hewlett-Packard,"Cluster Platform 3000 BL460c G6, Xeon L5520 2.26 GHz, GigE",United Kingdom,42.2166252072968,964.8,483,derived
482,KTH - Royal Institute of Technology,Dell,"PowerEdge SC1435 Dual core Opteron 2.2 GHz, Infiniband",Sweden,42.0136054421769,1470,178,derived
483,University of Waterloo,Hewlett-Packard,"Cluster Platform SL165z G7, Opteron 6174 2.2 Ghz, Infiniband",Canada,40.7291666666667,1152,356,derived
484,DOE/NNSA/LLNL,IBM,eServer pSeries p5 575 1.9 GHz,United States,38.0138086062942,1992.96,123,submission
485,Web Company (F),Hewlett-Packard,"Cluster Platform SL170z, Xeon X5650 2.66 Ghz, GigE",United States,37.291049382716,1296,333,derived
486,Web Company (F),Hewlett-Packard,"Cluster Platform SL170z, Xeon X5650 2.66 Ghz, GigE",United States,37.291049382716,1296,334,derived
487,Logistic Services (E),Hewlett-Packard,"Cluster Platform 3000 SL160z, Xeon X5550 2.66 GHz, GigE",United States,37.1701783958421,1423.8,254,derived
488,Logistic Services (E),Hewlett-Packard,"Cluster Platform 3000 SL160z, Xeon X5550 2.66 GHz, GigE",United States,37.1701783958421,1423.8,255,derived
489,Logistic Services (E),Hewlett-Packard,"Cluster Platform 3000 SL160z, Xeon X5550 2.66 GHz, GigE",United States,37.1701783958421,1423.8,256,derived
490,Logistic Services (E),Hewlett-Packard,"Cluster Platform 3000 SL160z, Xeon X5550 2.66 GHz, GigE",United States,37.1701783958421,1423.8,257,derived
491,Web Company (F),Hewlett-Packard,"Cluster Platform 3000 SL160z, Xeon X5650 2.66 GHz, GigE",United States,37.1097667540499,1487.7,218,derived
492,Web Company (F),Hewlett-Packard,"Cluster Platform 3000 SL160z, Xeon X5650 2.66 GHz, GigE",United States,37.1097667540499,1487.7,219,derived
493,Web Company (F),Hewlett-Packard,"Cluster Platform 3000 SL160z, Xeon X5650 2.66 GHz, GigE",United States,37.1097667540499,1487.7,220,derived
494,Financial Institution,Hewlett-Packard,"Cluster Platform 3000 BL460c G6, Xeon L5520 2.26 GHz, GigE",United States,36.6068395272548,1112.65,482,derived
495,Government,Cray Inc.,Cray XT5 QC 2.4 GHz,United States,34.4109616367649,4812.42,47,derived
496,Financial Services Company (G),Hewlett-Packard,"Cluster Platform 3000 DL165, Opteron 2.1 GHz 12C, GigE",United States,33.6962278675905,2598,104,derived
497,Financial Institution,Hewlett-Packard,"Cluster Platform 3000 SL160z, Xeon L55xx 2.26 GHz, GigE",United States,31.3671283143939,1689.6,253,derived
498,Web Content Provider(P),Hewlett-Packard,"Cluster Platform SL165z G7, Opteron 6174 2.2 Ghz, Infiniband",Germany,30.4477777777778,1800,228,derived
499,Commissariat a l'Energie Atomique (CEA),Bull SA,"Novascale 3045, Itanium2 1.6 GHz, Infiniband",France,24.9348958333333,1689.6,444,derived
500,NNSA/Sandia National Laboratories,Dell,"PowerEdge 1850, 3.6 GHz, Infiniband",United States,21.3571889103804,2481.6,252,derived