"Green500_Rank","Site","Manufacturer","Computer","Country","Mflops/Watt","Power","Top500_Rank","How"
1,"IBM - Rochester","IBM","BlueGene/Q, Power BQC 16C 1.60 GHz, Custom","United States",2026.48,85.12,64,"Submission"
2,"IBM Thomas J. Watson Research Center","IBM","BlueGene/Q, Power BQC 16C 1.60 GHz, Custom","United States",2026.48,85.12,65,"Submission"
3,"IBM - Rochester","IBM","BlueGene/Q, Power BQC 16C 1.60 GHz, Custom","United States",1996.09,170.25,29,"Submission"
4,"DOE/NNSA/LLNL","IBM","BlueGene/Q, Power BQC 16C 1.60 GHz, Custom","United States",1988.56,340.5,17,"Submission"
5,"IBM Thomas J. Watson Research Center","IBM","NNSA/SC Blue Gene/Q Prototype 1","United States",1689.86,38.67,284,"Submission"
6,"Nagasaki University","Self-made","DEGIMA Cluster, Intel i5, ATI Radeon GPU, Infiniband QDR","Japan",1378.32,47.05,328,"Submission"
7,"Barcelona Supercomputing Center","Bull SA","Bullx B505, Xeon E5649 6C 2.53GHz, Infiniband QDR, NVIDIA 2090","Spain",1266.26,81.5,114,"Submission"
8,"TGCC / GENCI","Bull SA","Curie Hybrid Nodes - Bullx B505, Xeon E5640 2.67 GHz, Infiniband QDR","France",1010.11,108.8,102,"Submission"
9,"Institute of Process Engineering, Chinese Academy of Sciences","IPE, Nvidia, Tyan","Mole-8.5 Cluster, Xeon X5520 4C 2.27 GHz, Infiniband QDR, NVIDIA 2050","China",963.7,515.2,21,"Submission"
10,"GSIC Center, Tokyo Institute of Technology","NEC/HP","HP ProLiant SL390s G7 Xeon 6C X5670, Nvidia GPU, Linux/Windows","Japan",958.35,1243.8,5,"Top500"
11,"Virginia Tech","Supermicro","SuperServer  2026GT-TRF, Xeon E5645 6C 2.40GHz, Infiniband QDR, NVIDIA 2050","United States",928.96,126.27,96,"Submission"
12,"Georgia Institute of Technology","Hewlett-Packard","HP ProLiant SL390s G7 Xeon 6C X5660 2.8Ghz, nVidia Fermi, Infiniband QDR","United States",901.54,117.91,111,"Submission"
13,"CINECA / SCS - SuperComputing Solution","IBM","iDataPlex DX360M3, Xeon E5645 6C 2.40 GHz, Infiniband QDR, NVIDIA 2070","Italy",891.88,160,82,"Submission"
14,"Forschungszentrum Juelich (FZJ)","IBM","iDataPlex DX360M3, Xeon X5650 6C 2.66 GHz, Infiniband QDR, NVIDIA 2070","Germany",891.87,76.25,256,"Submission"
15,"Sandia National Laboratories","Appro International","Xtreme-X GreenBlade GB512X, Xeon E5 (Sandy Bridge - EP) 8C 2.60GHz, Infiniband QDR","United States",889.19,198.72,61,"Top500"
16,"Geoscience","IBM","iDataPlex DX360M3, Xeon X5650 6C 2.66 GHz, Infiniband, NVIDIA 2090","United States",865.9,108.15,134,"Submission"
17,"Geoscience","IBM","iDataPlex DX360M3, Xeon X5650 6C 2.66 GHz, Infiniband, NVIDIA 2090","United States",865.9,108.15,135,"Submission"
18,"Geoscience (P)","IBM","iDataPlex DX360M3, Xeon X5650 6C 2.66 GHz, Infiniband, NVIDIA 2090","United States",865.88,99.14,155,"Submission"
19,"Geoscience (P)","IBM","iDataPlex DX360M3, Xeon X5650 6C 2.66 GHz, Infiniband, NVIDIA 2090","United States",865.88,99.14,156,"Submission"
20,"Geoscience (P)","IBM","iDataPlex DX360M3, Xeon X5650 6C 2.66 GHz, Infiniband, NVIDIA 2090","United States",865.88,99.14,157,"Submission"
21,"Geoscience (P)","IBM","iDataPlex DX360M3, Xeon X5650 6C 2.66 GHz, Infiniband, NVIDIA 2090","United States",865.88,99.14,158,"Submission"
22,"Geoscience (P)","IBM","iDataPlex DX360M3, Xeon X5650 6C 2.66 GHz, Infiniband, NVIDIA 2090","United States",865.88,99.14,159,"Submission"
23,"Geoscience (P)","IBM","iDataPlex DX360M3, Xeon X5650 6C 2.66 GHz, Infiniband, NVIDIA 2090","United States",865.88,99.14,160,"Submission"
24,"Geoscience (P)","IBM","iDataPlex DX360M3, Xeon X5650 6C 2.66 GHz, Infiniband, NVIDIA 2090","United States",865.88,99.14,161,"Submission"
25,"Geoscience (P)","IBM","iDataPlex DX360M3, Xeon X5650 6C 2.66 GHz, Infiniband, NVIDIA 2090","United States",865.88,99.14,162,"Submission"
26,"Geoscience (P)","IBM","iDataPlex DX360M3, Xeon X5650 6C 2.66 GHz, Infiniband, NVIDIA 2090","United States",865.88,99.14,163,"Submission"
27,"Geoscience (P)","IBM","iDataPlex DX360M3, Xeon X5650 6C 2.66 GHz, Infiniband, NVIDIA 2090","United States",865.88,99.14,164,"Submission"
28,"Geoscience (P)","IBM","iDataPlex DX360M3, Xeon X5650 6C 2.66 GHz, Infiniband, NVIDIA 2090","United States",865.88,99.14,165,"Submission"
29,"Geoscience (P)","IBM","iDataPlex DX360M3, Xeon X5650 6C 2.66 GHz, Infiniband, NVIDIA 2090","United States",865.88,99.14,166,"Submission"
30,"UCSD/San Diego Supercomputer Center","Appro International","Xtreme-X GreenBlade GB512X, Xeon E5 (Sandy Bridge - EP) 8C 2.60GHz, Infiniband QDR","United States",864.93,252.16,48,"Top500"
31,"Los Alamos National Laboratory","Appro International","Xtreme-X GreenBlade GB512X, Xeon E5 (Sandy Bridge - EP) 8C 2.60GHz, Infiniband QDR","United States",838.42,281.6,45,"Top500"
32,"RIKEN Advanced Institute for Computational Science (AICS)","Fujitsu","K computer, SPARC64 VIIIfx 2.0GHz, Tofu interconnect","Japan",830.18,12659.89,1,"Top500"
33,"Bull","Bull SA","Bull Benchmark Supercomuter - Bullx B510, Xeon E5 (Sandy Bridge - EP) 8C 2.70GHz, Infiniband QDR","France",809.36,132.2,110,"derived"
34,"International Fusion Energy Research Centre (IFERC), EU(F4E) - Japan Broader Approach collaboration","Bull SA","Bullx B510, Xeon E5 (Sandy Bridge - EP) 8C 2.70GHz, Infiniband QDR","Japan",805.51,448,28,"Submission"
35,"TGCC / GENCI","Bull SA","Curie Thin Nodes - Bullx B510, Xeon E5 (Sandy Bridge - EP) 8C 2.70GHz, Infiniband QDR","France",801.93,450,27,"Submission"
36,"Poznan Supercomputing and Networking Center, Institute of Bioorganic Chemistry","SGI","Rackable C1103-G15, Opteron 6234 12C 2.40 GHz, Infiniband QDR","Poland",788.04,81.08,298,"derived"
37,"National Center for High Performance Computing","Asus","ASUS ESC4000, Xeon X56xx (Westmere-EP) 2.93 GHz, Infiniband QDR","Taiwan",765.71,91.98,234,"Submission"
38,"Purdue University","Hewlett-Packard","Cluster Platform 3000 SL6500, Xeon E5 (Sandy Bridge - EP) 8C 2.60GHz, FDR Infiniband","United States",741.67,252,54,"Submission"
39,"National Supercomputing Center in Jinan","National Research Center of Parallel Computer Engineering & Technology","Sunway BlueLight MPP, ShenWei processor SW1600 975.00 MHz, Infiniband QDR","China",741.06,1074,14,"Submission"
40,"University of California, Los Angeles","Hewlett-Packard","HP ProLiant SL390s G7 Xeon X5650, Nvidia M2070, Infiniband QDR","United States",731.85,96.03,235,"Submission"
41,"Universitaet Frankfurt","Clustervision/Supermicro","Supermicro Cluster, QC Opteron 2.1 GHz, ATI Radeon GPU, Infiniband","Germany",718.14,416.77,33,"Derived"
42,"CSIRO","Xenon Systems","Supermicro Xeon Cluster, E5462 2.8 Ghz, Nvidia Tesla s2050 GPU, Infiniband","Australia",711,105.9,212,"Submission"
43,"National Super Computer Center in Hunan","NUDT","NUDT YH MPP, Xeon X5670 6C 2.93 GHz, Proprietary, NVIDIA 2050","China",668.1,1155.07,16,"Top500"
44,"KTH - Royal Institute of Technology","Cray Inc.","Cray XE6, Opteron 12 Core 2.10 GHz, Custom","Sweden",658.36,360.29,44,"Derived"
45,"Amazon Web Services","Self-made","Amazon EC2 Cluster, Xeon 8C 2.60GHz, 10G Ethernet","United States",654.05,367.08,42,"derived"
46,"National Institute for Environmental Studies","NSSOL / SGI Japan","Asterism ID318, Intel Xeon E5530, NVIDIA C2050, Infiniband","Japan",643.69,117.93,205,"Submission"
47,"National Supercomputing Center in Tianjin","NUDT","NUDT YH MPP, Xeon X5670 6C 2.93 GHz, NVIDIA 2050","China",635.15,4040,2,"Top500"
48,"Lawrence Livermore National Laboratory","Appro International","Appro GreenBlade Cluster, Xeon X5660 6C 2.80 GHz, Infiniband QDR, NVIDIA 2050","United States",628.13,160,120,"Submission"
49,"Intel","Intel","Intel Cluster, Xeon E5 (Sandy Bridge - EP) 8C 2.60GHz, FDR Infiniband","United States",624.25,174.93,104,"Submission"
50,"Lawrence Livermore National Laboratory","Appro International","Xtreme-X GreenBlade GB512X, Xeon E5 (Sandy Bridge - EP) 8C 2.60GHz, Infiniband QDR","United States",617.08,1253.8,15,"Submission"
51,"Commissariat a l'Energie Atomique (CEA)","Bull SA","Bullx B505, Xeon E56xx (Westmere-EP) 2.40 GHz, Infiniband QDR","France",615.78,250.09,75,"derived"
52,"Information Initiative Center, Hokkaido University","Hitachi","Hitachi SR16000 Model M1/176, POWER7 8C 3.83 GHz, Custom","Japan",589.15,206.4,95,"derived"
53,"NOAA/Oak Ridge National Laboratory","Cray Inc.","Cray XE6, Opteron 6276 16C 2.30GHz, Cray Gemini interconnect","United States",582,972,20,"Top500"
54,"Yukawa Institute for Theoretical Physics (YITP)","Hitachi","Hitachi SR16000 Model XM1/108, Power7 3.3Ghz, Infiniband","Japan",565.97,129.6,221,"Derived"
55,"ERDC DSRC","Cray Inc.","Cray XE6 8-core 2.4 GHz","United States",555.47,275.44,76,"Derived"
56,"National Supercomputing Centre in Shenzhen (NSCS)","Dawning","Dawning TC3600 Blade System, Xeon X5650 6C 2.66GHz, Infiniband QDR, NVIDIA 2050","China",492.64,2580,4,"Top500"
57,"IBM Thomas J. Watson Research Center","IBM","Power 750, Power7 3.86 GHz, 10GigE","United States",483.66,120.56,354,"Submission"
58,"CeSViMa - Centro de Supercomputacin y Visualizacin de Madrid","IBM","BladeCenter PS702 Express, Power7 3.3GHz, Infiniband","Spain",467.73,154,228,"Submission"
59,"DOE/NNSA/LANL","IBM","BladeCenter QS22/LS21 Cluster, PowerXCell 8i 3.2 Ghz / Opteron DC 1.8 GHz, Infiniband","United States",458.33,276,89,"Submission"
60,"Government","National Research Center of Parallel Computer Engineering & Technology","Sunway 4000H Cluster, Xeon X56xx (Westmere-EP) 3.06 GHz, Infiniband QDR","China",455.39,199.5,139,"derived"
61,"HWW/Universitaet Stuttgart","Cray Inc.","Cray XE6, Opteron 6276 16C 2.30 GHz, Cray Gemini interconnect","Germany",449.41,1850,12,"Submission"
62,"DOE/NNSA/LANL","IBM","BladeCenter QS22/LS21 Cluster, PowerXCell 8i 3.2 Ghz / Opteron DC 1.8 GHz, Voltaire Infiniband","United States",444.35,2345,10,"Submission"
63,"Calcul Canada/Calcul Québec/Université de Sherbrooke","SGI","Rackable C2112-4G3 Cluster, Opteron 12 Core 2.10 GHz, Infiniband QDR","Canada",443.08,542.34,41,"derived"
64,"Taiwan National Center for High-performance Computing","Acer Group","Acer AR585 F1 Cluster, Opteron 12C 2.2GHz, QDR infiniband","Taiwan",442,400.68,60,"Submission"
65,"Government","National Research Center of Parallel Computer Engineering & Technology","Sunway 4000H Cluster, Xeon X56xx (Westmere-EP) 2.93 GHz, Infiniband QDR","China",429.31,339.15,81,"derived"
66,"Geoscience","IBM","iDataPlex DX360M3, Xeon X5660 6C 2.80 GHz, Infiniband QDR","United States",421.74,212.62,140,"Submission"
67,"NASA/Goddard Space Flight Center","IBM","iDataPlex DX360M3, Xeon X5660 6C 2.80 GHz, Infiniband QDR","United States",421.73,144,331,"Submission"
68,"University of North Carolina","Dell","PowerEdge C6100 Cluster, Xeon X56xx (Westmere-EP) 2.93 GHz, Infiniband QDR","United States",417.91,190.95,178,"derived"
69,"IBM Poughkeepsie Benchmarking Center","IBM","Power 775, Power7 3.836 GHz","United States",410.49,172.38,233,"Submission"
70,"Interdisciplinary Centre for Mathematical and Computational Modelling, University of Warsaw","IBM","Power 775, POWER7 8C 3.84 GHz, Custom","Poland",410.48,156.71,296,"Submission"
71,"ECMWF","IBM","Power 775, POWER7 8C 3.84 GHz, Custom","United Kingdom",410.48,125.37,483,"Submission"
72,"DOE/Bettis Atomic Power Laboratory","Atipa Technology","Atipa Cluster, Xeon X56xx (Westmere-EP) 2.66 GHz, Infiniband QDR","United States",408.97,163.02,266,"derived"
73,"Knolls Atomic Power Laboratory","Atipa Technology","Atipa Cluster, Xeon X56xx (Westmere-EP) 2.66 GHz, Infiniband QDR","United States",408.97,163.02,267,"derived"
74,"ECMWF","IBM","Power 775, POWER7 8C 3.84 GHz, Custom","United Kingdom",406.97,250.74,117,"Submission"
75,"CLUMEQ - McGill University","IBM","iDataPlex DX360M3, Xeon 2.66, Infiniband","Canada",404.45,337,83,"Submission"
76,"Banking (M)","IBM","iDataPlex, Xeon X56xx 6C 2.66 GHz, Infiniband","United States",402.77,141,365,"Submission"
77,"King Abdullah University of Science and Technology","IBM","Blue Gene/P Solution","Saudi Arabia",378.77,504,53,"Submission"
78,"EDF R&D","IBM","Blue Gene/P Solution","France",378.77,252,131,"Submission"
79,"IDRIS","IBM","Blue Gene/P Solution","France",378.76,315,97,"Submission"
80,"Rice University","IBM","BlueGene/P, PowerPC 450 4C 850 MHz, Proprietary","United States",377.99,189,230,"Submission"
81,"IBM Poughkeepsie Benchmarking Center","IBM","Power 775, Power7 3.836 GHz","United States",377.2,423.12,74,"Submission"
82,"United Kingdom Meteorological Office","IBM","Power 775, POWER7 8C 3.84 GHz, Custom","United Kingdom",372.02,470.13,62,"Submission"
83,"United Kingdom Meteorological Office","IBM","Power 775, POWER7 8C 3.84 GHz, Custom","United Kingdom",372.02,470.13,63,"Submission"
84,"ECMWF","IBM","Power 775, POWER7 8C 3.83GHz, Custom","United Kingdom",369.11,501.47,55,"Submission"
85,"Environment Canada","IBM","Power 775, POWER7 8C 3.84 GHz, Custom","Canada",369.11,501.47,56,"Submission"
86,"Environment Canada","IBM","Power 775, POWER7 8C 3.84 GHz, Custom","Canada",369.11,501.47,57,"Submission"
87,"Automotive","IBM","BladeCenter HS22 Cluster, WM Xeon 6-core 2.93Ghz, Infiniband","United States",368.62,240.41,144,"Submission"
88,"Automotive","IBM","BladeCenter HS22 Cluster, WM Xeon 6-core 2.93Ghz, Infiniband","United States",368.62,240.41,145,"Submission"
89,"Classified","IBM","BladeCenter HS22 Cluster (WM), Xeon X5670 6C 2.93 GHz, Infiniband","United Kingdom",368.61,151.86,376,"Submission"
90,"Lockheed Martin","IBM","BladeCenter HS22 Cluster (WM), Xeon X5670 6C 2.93 GHz, Infiniband","United States",368.6,158.26,352,"Submission"
91,"DOE/NNSA/LLNL","IBM","Blue Gene/P Solution","United States",366.58,1134,26,"Submission"
92,"Forschungszentrum Juelich (FZJ)","IBM","Blue Gene/P Solution","Germany",363.98,2268,13,"Submission"
93,"DOE/SC/Argonne National Laboratory","IBM","Blue Gene/P Solution","United States",363.98,1260,23,"Submission"
94,"DOE/SC/LBNL/NERSC","Cray Inc.","Cray XE6, Opteron 6172 12C 2.10GHz, Custom","United States",362.2,2910,8,"Top500"
95,"University of Edinburgh","Cray Inc.","Cray XE6, Opteron 6276 16C 2.30 GHz, Cray Gemini interconnect","United Kingdom",361.79,1824.93,19,"derived"
96,"RQCHP/Calcul Quebec/Compute Canada Universit de Montral","IBM","iDataPlex DX360M3, Xeon 2.66, Infiniband","Canada",361.79,197.79,229,"Submission"
97,"eni","Hewlett-Packard","HP ProLiant SL390s G7 Xeon 6C X5650, Infiniband","Italy",359.65,364.8,87,"derived"
98,"Classified","IBM","BladeCenter HS22 Cluster, Xeon QC X55xx 2.26 GHz, Infiniband","United States",357.44,184.03,276,"Submission"
99,"Los Alamos National Laboratory","Appro International","Xtreme-X 1320H-LANL, Opteron 12 Core 2.30 GHz, Infiniband QDR","United States",355.6,648.48,46,"derived"
100,"Universitaet Erlangen","NEC","NEC LX-2400 Cluster, Xeon X5550 2.66 Ghz, Infiniband","Germany",354.56,160,366,"Top500"
101,"Lockheed Martin","IBM","BladeCenter HS22 Cluster, WM Xeon 6-core 2.66Ghz, Infiniband","United States",354.32,170.22,332,"Submission"
102,"Lockheed Martin","IBM","BladeCenter HS22 Cluster, WM Xeon 6-core 2.66Ghz, Infiniband","United States",354.32,170.22,333,"Submission"
103,"Electronics","IBM","BladeCenter HS22 Cluster, WM Xeon 6-core 2.66Ghz, Infiniband","United States",354.32,175.67,316,"Submission"
104,"Electronics","IBM","BladeCenter HS22 Cluster, WM Xeon 6-core 2.66Ghz, Infiniband","United States",354.32,175.67,317,"Submission"
105,"Electronics","IBM","BladeCenter HS22 Cluster, WM Xeon 6-core, Xeon X5650 6C 2.66 GHz, Infiniband","United States",354.32,203.88,227,"Submission"
106,"Classified","IBM","BladeCenter HS22 Cluster, WM Xeon 6-core 2.66Ghz, Infiniband","United Kingdom",354.32,157.08,388,"Submission"
107,"Classified","IBM","BladeCenter HS22 Cluster, WM Xeon 6-core 2.66Ghz, Infiniband","United Kingdom",354.32,157.08,389,"Submission"
108,"Classified","IBM","BladeCenter HS22 Cluster, WM Xeon 6-core 2.66Ghz, Infiniband","United Kingdom",354.32,157.08,390,"Submission"
109,"South Ural State University","RSC SKIF","SKIF Aurora Platform - Intel Xeon X5680, Infiniband QDR","Russia",349.78,287.04,121,"derived"
110,"ETH Zuerich","Sun Microsystems","Sun Blade X6440, Opteron 2.5 Ghz, Infiniband QDR","Switzerland",341.32,152,477,"Top500"
111,"Leibniz Rechenzentrum","IBM","BladeCenter HX5, Xeon E7-4870 10C 2.40 GHz, Infiniband QDR","Germany",332.62,195,289,"Submission"
112,"Vestas Wind Systems A/S","IBM","iDataPlex DX360M3, Xeon X5670 6C 2.93 GHz, Infiniband QDR","Denmark",330.98,489.75,70,"Submission"
113,"Geoscience (P)","IBM","iDataPlex DX360M3, Xeon 2.93, Infiniband","United States",330.98,159.75,452,"Submission"
114,"Geoscience (P)","IBM","iDataPlex DX360M3, Xeon 2.93, Infiniband","United States",330.98,159.75,453,"Submission"
115,"Geoscience (P)","IBM","iDataPlex DX360M3, Xeon 2.93, Infiniband","United States",330.98,159.75,454,"Submission"
116,"Geoscience (P)","IBM","iDataPlex DX360M3, Xeon 2.93, Infiniband","United States",330.98,159.75,455,"Submission"
117,"Geoscience (P)","IBM","iDataPlex DX360M3, Xeon 2.93, Infiniband","United States",330.98,159.75,456,"Submission"
118,"Geoscience (P)","IBM","iDataPlex DX360M3, Xeon 2.93, Infiniband","United States",330.98,159.75,457,"Submission"
119,"Geoscience (P)","IBM","iDataPlex DX360M3, Xeon 2.93, Infiniband","United States",330.98,159.75,458,"Submission"
120,"EDF R&D","IBM","iDataPlex, Xeon X56xx 6C 2.93 GHz, Infiniband","France",330.98,510,66,"Submission"
121,"IBM Development Engineering","IBM","iDataPlex DX360M3, Xeon X5670 6C 2.93 GHz, Infiniband QDR","United States",330.98,226.5,213,"Submission"
122,"Vienna Scientific Cluster","Megware","Megware Saxonid 6100, Opteron 8C 2.2 GHz, Infiniband QDR","Austria",323.06,473.28,77,"derived"
123,"NOAA/Oak Ridge National Laboratory","Cray Inc.","Cray XT6-HE, Opteron 6100 12C 2.1GHz","United States",318.69,610,51,"Top500"
124,"Bank","Hewlett-Packard","Cluster Platform SL2x170z, Xeon L5640 6C 2.26 GHz, Gigabit Ethernet","France",312.32,185.76,355,"derived"
125,"Cray Inc.","Cray Inc.","Cray XE6, Opteron 6272 16C 2.10 GHz, Cray Gemini interconnect","United States",312.03,467.9,80,"derived"
126,"Swiss Scientific Computing Center (CSCS)","Cray Inc.","Cray XE6, Opteron 6272 16C 2.10 GHz, Cray Gemini interconnect","Switzerland",306.34,969.5,34,"derived"
127,"Electronics","IBM","xSeries x3550M3 Cluster, Xeon X5650 6C 2.66 GHz, Infiniband QDR","United States",305.33,241.8,217,"Submission"
128,"University of Southampton","IBM","iDataPlex, Xeon E55xx QC 2.26 GHz, Infiniband, Windows HPC2008 R2","United Kingdom",300.36,222,265,"Submission"
129,"National Institute for Computational Sciences/University of Tennessee","Cray Inc.","Cray XT5-HE Opteron Six Core 2.6 GHz","United States",297.44,3090,11,"Top500"
130,"National Computational Infrastructure National Facility (NCI-NF)","Oracle","Sun Blade x6048, Xeon X5570 2.93 Ghz, Infiniband QDR","Australia",297.26,425.22,91,"derived"
131,"Digital Media","IBM","iDataPlex, Xeon E55xx QC 2.26 GHz, Infiniband","United States",295.78,187.89,395,"Submission"
132,"Defence","IBM","BladeCenter HX5, Xeon E7-4870 10C 2.40 GHz, Infiniband QDR","Australia",286.74,226.2,288,"Submission"
133,"IT Service Provider","Hewlett-Packard","Cluster Platform 3000 280c G7, Xeon X5672 4C 3.20 GHz, Infiniband QDR","United States",282.1,198.36,377,"derived"
134,"Banking (M)","IBM","BladeCenter HS22 Cluster, Xeon QC GT 2.66 GHz, Infiniband","United States",281.89,182,490,"Submission"
135,"DOE/NNSA/LANL/SNL","Cray Inc.","Cray XE6, Opteron 6136 8C 2.40GHz, Custom","United States",278.89,3980,6,"Top500"
136,"ONERA","SGI","SGI Altix ICE 8200EX, Xeon X5560 2.8 GHz/X5675 3.06 GHz, Infiniband","France",278.77,191.2,426,"derived"
137,"Lawrence Livermore National Laboratory","Dell","Dell DCS Xanadu 2.5, Xeon E55xx 2.4Ghz, Infiniband DDR","United States",277.76,260.69,226,"Derived"
138,"University of Alaska - Arctic Region Supercomputing Center","Cray Inc.","Cray XE6 8-core 2.3 GHz","United States",277.29,320.68,142,"Derived"
139,"Technische Universitaet Wien","Sun Microsystems","Sun Blade x2270/Supermicro SC827T-R1400, Xeon X5550 2.66 Ghz, Infiniband QDR","Austria",272.24,194.94,443,"derived"
140,"Centre for High Performance Computing","Dell/Oracle","Blade X6275/ PowerEdge C6100 Cluster, Xeon X5570/X5670/ 4C 2.93 GHz, Infiniband QDR","South Africa",271.71,225.72,329,"derived"
141,"Swiss Scientific Computing Center (CSCS)","Cray Inc.","Cray XK6, Opteron 6272 16C 2.10 GHz, Cray Gemini interconnect, NVIDIA 2090","Switzerland",266.58,228.11,330,"derived"
142,"NASA/Ames Research Center/NAS","SGI","SGI Altix ICE 8200EX/8400EX, Xeon HT QC 3.0/Xeon 5570/5670 2.93 Ghz, Infiniband","United States",265.24,4102,7,"Top500"
143,"Compute Canada/WestGrid/University of Calgary","Hewlett-Packard","DL170/SL390 , Xeon E5649 2.53GHz/L5520 4C 2.26GHz, Infiniband QDR, NVIDIA 2070","Canada",265.02,410.16,105,"derived"
144,"Geoscience","IBM","iDataPlex, Xeon X55xx QC 2.8 GHz, Infiniband","United States",263.26,211.68,383,"Submission"
145,"Geoscience","IBM","iDataPlex, Xeon X55xx QC 2.8 GHz, Infiniband","United States",263.26,211.68,384,"Submission"
146,"Geoscience","IBM","iDataPlex, Xeon X55xx QC 2.8 GHz, Infiniband","United States",263.26,211.68,385,"Submission"
147,"Geoscience","IBM","iDataPlex, Xeon X55xx QC 2.8 GHz, Infiniband","United States",263.26,211.68,386,"Submission"
148,"NASA/Goddard Space Flight Center","IBM","iDataPlex, Xeon X55xx QC 2.8 GHz, Infiniband","United States",256.83,286.72,220,"Submission"
149,"DOE/SC/Oak Ridge National Laboratory","Cray Inc.","Cray XT5-HE Opteron 6-core 2.6 GHz","United States",253.09,6950,3,"Top500"
150,"Idaho National Laboratory","Appro International","Appro Xtreme-X3 Opteron 2.4GHz, Infiniband QDR","United States",252.86,360,138,"Derived"
151,"NOAA/ESRL/GSD","Raytheon/Aspen Systems","Raytheon/Aspen Cluster, Xeon X5560/X5650 2.8/2.66 Ghz, QDR Infinband","United States",251.87,502.25,90,"derived"
152,"Lawrence Livermore National Laboratory","Dell","Dell Xanadu 3 Cluster, Xeon X5660 2.8 Ghz, QLogic InfiniBand QDR","United States",241.97,688.94,68,"derived"
153,"Moscow State University - Research Computing Center","T-Platforms","T-Platforms T-Blade2/1.1, Xeon X5570/X5670 2.93 GHz, Nvidia 2070 GPU, Infiniband QDR","Russia",240.75,2800,18,"Top500"
154,"Total Exploration Production","SGI","SGI Altix ICE 8200EX, Xeon quad core 3.0 GHz","France",240.05,442,112,"Top500"
155,"Clemson University","Dell/Sun/IBM","PE1950/SF X2200/iDPx/IBM dx340/HP DL165 Intel 53xx/54xx 2.33, Opteron 2.3, E5410 2.33GHz Myrinet 10G","United States",237.27,408.48,128,"derived"
156,"Service Provider","Hewlett-Packard","Cluster Platform BL460c/280c G7, Xeon X5650 6C 2.66 GHz, Gigabit Ethernet","United States",234.02,245.1,361,"derived"
157,"CLUMEQ - Universit Laval","Sun Microsystems","Sun Blade x6048, Xeon X5560 2.8 Ghz, Infiniband QDR","Canada",232.44,332,187,"Top500"
158,"Financial Services (H)","IBM","BladeCenter HS22 Cluster (WM), Xeon L5640 6C 2.26 GHz, Gigabit Ethernet","United States",232.39,293.46,255,"Submission"
159,"Web Company (F)","Hewlett-Packard","Cluster Platform SL170s/160z, Xeon X5650 6C 2.66 GHz, Gigabit Ethernet","United States",232.11,295.55,247,"derived"
160,"Web Company (F)","Hewlett-Packard","Cluster Platform SL170s/160z, Xeon X5650 6C 2.66 GHz, Gigabit Ethernet","United States",232.11,295.55,248,"derived"
161,"DOE/SC/LBNL/NERSC","Cray Inc.","Cray XT4 QuadCore 2.3 GHz","United States",231.57,1150,38,"Top500"
162,"Tsinghua University","Inspur","Inspur TS10000 HPC Server, Xeon X56xx 2.93 Ghz, QDR Infiniband","China",231.42,399.36,136,"derived"
163,"Japan Atomic Energy Agency (JAEA)","Fujitsu","BX900 Xeon X5570 2.93GHz , Infiniband QDR","Japan",230.32,831,52,"Top500"
164,"US Army Research Laboratory (ARL)","SGI","SGI Altix ICE 8200 Enhanced LX, Xeon Nehalem quad core 2.8 GHz","United States",230.11,475,103,"Top500"
165,"Commissariat a l'Energie Atomique (CEA)","Bull SA","Bull bullx super-node S6010/S6030","France",228.76,4590,9,"Top500"
166,"Institute of Physical and Chemical Res. (RIKEN)","Fujitsu","RIKEN Intergrated Cluster of Clusters, Xeon X5570 2.93GHz, Infiniband DDR","Japan",227.88,429.78,125,"derived"
167,"Commissariat a l'Energie Atomique (CEA)/CCRT","Bull SA","BULL Novascale R422-E2","France",227.46,477,106,"Top500"
168,"University of Tokyo/Institute for Solid State Physics","SGI","SGI Altix ICE 8400EX Xeon X5570 4-core 2.93 GHz, Infiniband","Japan",225.03,719,72,"Top500"
169,"Grand Equipement National de Calcul Intensif - Centre Informatique National de l'Enseignement Suprieur (GENCI-CINES)","SGI","SGI Altix ICE 8200EX, Xeon E5472 3.0/X5560 2.8 GHz","France",223.5,1064,43,"Top500"
170,"Lawrence Livermore National Laboratory","Dell","Dell Xanadu 3 Cluster, Xeon X5660 2.8 Ghz, QLogic InfiniBand QDR","United States",222.95,475,113,"derived"
171,"Service Provider","IBM","BladeCenter HS22 Cluster (WM), Xeon E5649 6C 2.53 GHz, Gigabit Ethernet","China",220.93,244.24,422,"Submission"
172,"Network Company","IBM","BladeCenter HS22 Cluster (WM), Xeon E5649 6C 2.53 GHz, Gigabit Ethernet","China",220.93,291.38,295,"Submission"
173,"University of Southern California","Dell/Sun/IBM","PowerEdge 1950/SunFire X2200/IBM dx340/dx360/HP SL160/DL165, Xeon/Opteron 2.3-2.67GHz, Myrinet 10G","United States",220.42,680.06,79,"derived"
174,"Energy Company (A)","IBM","BladeCenter HS22 Cluster, Xeon QC X55xx 2.66 GHz, Infiniband","Italy",219.5,335.48,218,"Submission"
175,"IT Service Provider","Hewlett-Packard","HP ProLiant SL390s G7 Xeon 6C X5680 3.3 Ghz, GigE","United States",216.62,235.17,500,"derived"
176,"Texas Advanced Computing Center/Univ. of Texas","Sun Microsystems","SunBlade x6420, Opteron QC 2.3 Ghz, Infiniband","United States",216.6,2000,25,"Top500"
177,"Georgia Institute of Technology","Penguin Computing","Altus 704 Cluster, 6C Opteron 8431 2.4 Ghz, Infiniband","United States",215.65,246,444,"Top500"
178,"KISTI Supercomputing Center","Sun Microsystems","Sun Blade x6048,  X6275, IB QDR M9 switch, Sun HPC stack Linux edition","Korea, South",215.53,1275,37,"Top500"
179,"Semiconductor Company","IBM","xSeries iDataPlex, Xeon X5650 6C 2.66 GHz, Gigabit Ethernet","United States",215.38,330.91,231,"Submission"
180,"Financial Institution (P)","IBM","iDataPlex, Xeon X56xx 6C 2.66 GHz, GigE","United Kingdom",215.38,248.03,424,"Submission"
181,"Financial Institution (P)","IBM","iDataPlex, Xeon X56xx 6C 2.66 GHz, GigE","United Kingdom",215.38,248.03,425,"Submission"
182,"Defense","IBM","BladeCenter HS21 Cluster, Xeon QC HT 2.83 GHz, Infiniband","United States",214.78,380.23,172,"Submission"
183,"Defense","IBM","BladeCenter HS21 Cluster, Xeon QC HT 2.83 GHz, Infiniband","United States",214.78,380.23,173,"Submission"
184,"Defense","IBM","BladeCenter HS21 Cluster, Xeon QC HT 2.83 GHz, Infiniband","United States",214.78,380.23,174,"Submission"
185,"Defense","IBM","BladeCenter HS21 Cluster, Xeon QC HT 2.83 GHz, Infiniband","United States",214.78,380.23,175,"Submission"
186,"Telecommunication Company","IBM","BladeCenter HS22 Cluster, WM Xeon 6-core 2.66Ghz, GigE","United States",210.94,248.44,469,"Submission"
187,"Netwok Equipment Provider","IBM","BladeCenter HS22 Cluster (WM), Xeon X5650 6C 2.66 GHz, Gigabit Ethernet","Germany",210.94,312.56,274,"Submission"
188,"Banking (M)","IBM","xSeries x3650 Cluster Xeon QC GT 2.66 GHz, Infiniband","United States",210.5,298,312,"Submission"
189,"Classified","IBM","xSeries x3650 Cluster Xeon QC GT 2.66 GHz, Infiniband","United Kingdom",210,279.4,351,"Submission"
190,"Financial Institution","Hewlett-Packard","Cluster Platform SL160z, Xeon L5520 4C 2.26 GHz, Gigabit Ethernet","United States",208.92,258.84,420,"derived"
191,"ERDC DSRC","SGI","SGI Altix ICR 8200 Enh. LX, Xeon X5560 2.8Ghz","United States",206.98,774,73,"Top500"
192,"DOE/NNSA/LLNL","IBM","eServer Blue Gene Solution","United States",205.32,2329,22,"Submission"
193,"Rensselaer Polytechnic Institute, Computational Center for Nanotechnology Innovations","IBM","eServer Blue Gene Solution","United States",204,358,225,"Submission"
194,"Stony Brook/BNL, New York Center for Computational Sciences","IBM","eServer Blue Gene Solution","United States",203.87,403,170,"Submission"
195,"IBM Thomas J. Watson Research Center","IBM","eServer Blue Gene Solution","United States",203.77,448,137,"Submission"
196,"Communications","IBM","BladeCenter HS22 Cluster, WM Xeon 6-core 2.93Ghz, GigE","Israel",201.61,335.7,257,"Submission"
197,"Communications","IBM","BladeCenter HS22 Cluster, WM Xeon 6-core 2.93Ghz, GigE","Israel",201.61,335.7,258,"Submission"
198,"Telecommunication Company","IBM","BladeCenter HS22 Cluster (WM), Xeon X5670 6C 2.93 GHz, Gigabit Ethernet","China",201.61,309.1,315,"Submission"
199,"Financial Services (H)","IBM","BladeCenter HS22 Cluster, WM Xeon 6-core 2.93Ghz, GigE","United States",201.61,293.28,346,"Submission"
200,"Financial Services (H)","IBM","BladeCenter HS22 Cluster, WM Xeon 6-core 2.93Ghz, GigE","United States",201.61,293.28,347,"Submission"
201,"Government","IBM","BladeCenter HS22 Cluster (WM), Xeon X5670 6C 2.93 GHz, Gigabit Ethernet","United States",201.6,318.2,297,"Submission"
202,"Communications","IBM","BladeCenter HS22 Cluster, WM Xeon 6-core 2.93Ghz, GigE","Israel",200.83,386.88,184,"Submission"
203,"US Army Research Laboratory (ARL)","SGI","SGI Altix ICE 8200 Enhanced LX, Xeon X5560 quad core 2.8 GHz","United States",200,350,237,"Top500"
204,"Banking (M)","IBM","xSeries x3850M2 Cluster Xeon QC GT 2.53 GHz, GigEthernet","United States",196.76,323.84,302,"Submission"
205,"Financial Services (H)","IBM","iDataPlex DX360M3, Xeon E5649 6C 2.53 GHz, Gigabit Ethernet","United States",196,418.14,171,"Submission"
206,"Retail","Hewlett-Packard","HP SL390s/170s  G7, Xeon X5675 6C 3.06 GHz, Gigabit Ethernet","United States",195.54,386.88,207,"derived"
207,"University of Cologne, Regional Computing Centre","Bull SA","Bullx Supernode/Blade  Xeon X5550/X5650 2.66 Ghz, Infiniband","Germany",195.45,439.5,154,"derived"
208,"SciNet/University of Toronto","IBM","iDataPlex, Xeon E55xx QC 2.53 GHz, GigE","Canada",194.02,869,67,"Submission"
209,"Banking (M)","IBM","xSeries x3650M2 Cluster, Xeon QC E55xx 2.53 Ghz, GigE","United States",186.5,283.19,460,"Submission"
210,"Banking (M)","IBM","xSeries x3650M2 Cluster, Xeon QC E55xx 2.53 Ghz, GigE","United States",186.5,283.19,461,"Submission"
211,"Banking (M)","IBM","xSeries x3650M2 Cluster, Xeon QC E55xx 2.53 Ghz, GigE","United States",186.5,283.19,462,"Submission"
212,"Banking (M)","IBM","xSeries x3650M2 Cluster, Xeon QC E55xx 2.53 Ghz, GigE","United States",186.5,283.19,463,"Submission"
213,"Internet Service","IBM","xSeries x3650M2 Cluster, Xeon QC E55xx 2.53 Ghz, GigE","China",186.2,526.1,123,"Submission"
214,"Internet Service","IBM","xSeries x3650M2 Cluster, Xeon QC E55xx 2.53 Ghz, GigE","China",186.2,526.1,124,"Submission"
215,"Service Provider","IBM","xSeries x3650M3, Xeon X56xx 2.53 GHz, GigE","Japan",185.77,295.2,408,"Submission"
216,"Service Provider","IBM","xSeries x3650M3, Xeon X56xx 2.53 GHz, GigE","Japan",185.77,295.2,409,"Submission"
217,"Service Provider","IBM","xSeries x3650M3, Xeon X56xx 2.53 GHz, GigE","Japan",185.77,295.2,410,"Submission"
218,"Internet Service","IBM","xSeries x3650M3, Xeon X56xx 2.53 GHz, GigE","China",185.77,285.74,431,"Submission"
219,"Internet Service","IBM","xSeries x3650M3, Xeon X56xx 2.53 GHz, GigE","China",185.77,285.74,432,"Submission"
220,"Internet Service","IBM","xSeries x3650M3, Xeon X56xx 2.53 GHz, GigE","China",185.77,285.74,433,"Submission"
221,"Internet Service","IBM","xSeries x3650M3, Xeon X56xx 2.53 GHz, GigE","China",185.77,285.74,434,"Submission"
222,"Internet Service","IBM","xSeries x3650M3, Xeon X56xx 2.53 GHz, GigE","China",185.77,285.74,435,"Submission"
223,"Internet Service","IBM","xSeries x3650M3, Xeon X56xx 2.53 GHz, GigE","China",185.77,285.74,436,"Submission"
224,"Internet Service","IBM","xSeries x3650M3, Xeon X56xx 2.53 GHz, GigE","China",185.77,285.74,437,"Submission"
225,"Internet Service","IBM","xSeries x3650M3, Xeon X56xx 2.53 GHz, GigE","China",185.77,285.74,438,"Submission"
226,"Internet Service","IBM","xSeries x3650M3, Xeon X56xx 2.53 GHz, GigE","China",185.77,285.74,439,"Submission"
227,"Internet Service","IBM","xSeries x3650M3, Xeon X56xx 2.53 GHz, GigE","China",185.77,285.74,440,"Submission"
228,"Internet Service","IBM","xSeries x3650M3, Xeon X56xx 2.53 GHz, GigE","China",185.77,285.74,441,"Submission"
229,"Internet Service","IBM","xSeries x3650M3, Xeon X56xx 2.53 GHz, GigE","China",185.77,285.74,442,"Submission"
230,"Internet Service","IBM","xSeries x3650M3, Xeon X56xx 2.53 GHz, GigE","China",185.77,302.12,373,"Submission"
231,"Internet Service","IBM","xSeries x3650M3, Xeon X56xx 2.53 GHz, GigE","China",185.77,302.12,374,"Submission"
232,"Internet Service","IBM","xSeries x3650M3, Xeon X56xx 2.53 GHz, GigE","China",185.77,302.12,375,"Submission"
233,"Internet Service","IBM","xSeries x3650M3, Xeon X56xx 2.53 GHz, GigE","China",185.77,351.99,283,"Submission"
234,"Service Provider","IBM","xSeries x3650M3 Cluster, Xeon E5649 6C 2.53 GHz, Gigabit Ethernet","China",185.77,286.47,427,"Submission"
235,"Service Provider","IBM","xSeries x3650M3 Cluster, Xeon E5649 6C 2.53 GHz, Gigabit Ethernet","China",185.77,286.47,428,"Submission"
236,"Service Provider","IBM","xSeries x3550M3, Xeon X56xx 2.53 GHz, GigE","China",185.77,281.74,470,"Submission"
237,"Service Provider","IBM","xSeries x3550M3, Xeon X56xx 2.53 GHz, GigE","China",185.77,281.74,471,"Submission"
238,"University of Chicago","Cray Inc.","Cray XE6 12-core 2.1 GHz","United States",185.71,677.41,92,"Derived"
239,"Korea Meteorological Administration","Cray Inc.","Cray XE6 12-core 2.1 GHz","Korea, South",184.84,1711.76,31,"Derived"
240,"Korea Meteorological Administration","Cray Inc.","Cray XE6 12-core 2.1 GHz","Korea, South",184.84,1711.76,32,"Derived"
241,"Carrillo Business Technologies, Inc","Hewlett-Packard","Cluster Platform 4000 BL465c G7, 12C Opteron 2.2Ghz, Infiniband","United States",182.72,288.9,465,"derived"
242,"Purdue University","Hewlett-Packard","HP Cluster Platform 4000 DL165 G7 Cluster, Opteron 12-core 2.1 Ghz, 10G","United States",181.79,414.9,208,"Derived"
243,"Network Company (B)","IBM","xSeries x3650M3 Cluster, Xeon X5650 6C 2.66 GHz, Gigabit Ethernet","United States",181.78,350.42,303,"Submission"
244,"Information Service","IBM","xSeries x3550M3 Cluster, Xeon X5650 6C 2.66 GHz, Gigabit Ethernet","France",181.78,405.11,219,"Submission"
245,"Financial Institution","IBM","xSeries x3650M3, Xeon X56xx 2.66 GHz, GigE","Japan",181.78,360.84,278,"Submission"
246,"Service Provider","IBM","xSeries x3650M3 Cluster, Xeon X5650 6C 2.66 GHz, Gigabit Ethernet","Japan",181.77,360.47,280,"Submission"
247,"Service Provider","IBM","xSeries x3650M3 Cluster, Xeon X5650 6C 2.66 GHz, Gigabit Ethernet","Japan",181.77,360.47,281,"Submission"
248,"Service Provider","IBM","xSeries x3650M3 Cluster, Xeon X5650 6C 2.66 GHz, Gigabit Ethernet","Japan",181.77,360.47,282,"Submission"
249,"Internet Service","IBM","xSeries x3650M3 Cluster, Xeon X5650 6C 2.66 GHz, Gigabit Ethernet","China",181.77,421.48,190,"Submission"
250,"Internet Service","IBM","xSeries x3650M3 Cluster, Xeon X5650 6C 2.66 GHz, Gigabit Ethernet","China",181.77,421.48,191,"Submission"
251,"Internet Service","IBM","xSeries x3650M3 Cluster, Xeon X5650 6C 2.66 GHz, Gigabit Ethernet","China",181.77,421.48,192,"Submission"
252,"Internet Service","IBM","xSeries x3650M3 Cluster, Xeon X5650 6C 2.66 GHz, Gigabit Ethernet","China",181.77,421.48,193,"Submission"
253,"Internet Service","IBM","xSeries x3650M3 Cluster, Xeon X5650 6C 2.66 GHz, Gigabit Ethernet","China",181.77,421.48,194,"Submission"
254,"Internet Service","IBM","xSeries x3650M3 Cluster, Xeon X5650 6C 2.66 GHz, Gigabit Ethernet","China",181.77,421.48,195,"Submission"
255,"Internet Service","IBM","xSeries x3650M3 Cluster, Xeon X5650 6C 2.66 GHz, Gigabit Ethernet","China",181.77,421.48,196,"Submission"
256,"Internet Service","IBM","xSeries x3650M3 Cluster, Xeon X5650 6C 2.66 GHz, Gigabit Ethernet","China",181.77,421.48,197,"Submission"
257,"Internet Service","IBM","xSeries x3650M3 Cluster, Xeon X5650 6C 2.66 GHz, Gigabit Ethernet","China",181.77,421.48,198,"Submission"
258,"Internet Service","IBM","xSeries x3650M3 Cluster, Xeon X5650 6C 2.66 GHz, Gigabit Ethernet","China",181.77,421.48,199,"Submission"
259,"Internet Service","IBM","xSeries x3650M3 Cluster, Xeon X5650 6C 2.66 GHz, Gigabit Ethernet","China",181.77,421.48,200,"Submission"
260,"Internet Service","IBM","xSeries x3650M3 Cluster, Xeon X5650 6C 2.66 GHz, Gigabit Ethernet","China",181.77,421.48,201,"Submission"
261,"Shanghai Supercomputer Center","Dawning","Dawning 5000A, QC Opteron 1.9 Ghz, Infiniband, Windows HPC 2008","China",180.6,1000,58,"Submission"
262,"NOAA Environmental Security Computer Center","SGI","SGI Altix ICE 8400EX, Xeon X56xx (Westmere-EP) 3.47 GHz, Infiniband QDR","United States",180.07,898.56,71,"derived"
263,"IT Service Provider (B)","IBM","BladeCenter HS22 Cluster, Xeon E5540 4C 2.53 GHz, Gigabit Ethernet","United States",178.93,360.42,293,"Submission"
264,"IT Service Provider (B)","IBM","BladeCenter HS22 Cluster, Xeon QC X55xx 2.53 GHz, GigEthernet","United States",178.93,360.42,294,"Submission"
265,"Logistics","IBM","BladeCenter HS22 Cluster, Xeon QC E5xx 2.53 GHz, GigEthernet","Germany",178.93,370.79,270,"Submission"
266,"Network Company","IBM","BladeCenter HS22 Cluster, Xeon E5540 4C 2.53 GHz, Gigabit Ethernet","China",178.93,308.07,401,"Submission"
267,"Network Company","IBM","BladeCenter HS22 Cluster, Xeon E5540 4C 2.53 GHz, Gigabit Ethernet","China",178.93,308.07,402,"Submission"
268,"Information Service","IBM","BladeCenter HS22 Cluster, Xeon QC E5xx 2.53 GHz, GigEthernet","France",178.93,286.32,492,"Submission"
269,"Network Company","IBM","BladeCenter HS22 Cluster, Xeon QC E5xx 2.53 GHz, GigEthernet","China",178.93,311.61,381,"Submission"
270,"Network Company","IBM","BladeCenter HS22 Cluster, Xeon QC E5xx 2.53 GHz, GigEthernet","China",178.93,311.61,382,"Submission"
271,"IT Services Provider (C)","IBM","BladeCenter HS22 Cluster, Xeon QC X55xx 2.53 GHz, GigEthernet","United States",178.92,349.3,313,"Submission"
272,"IT Services Provider (C)","IBM","BladeCenter HS22 Cluster, Xeon QC X55xx 2.53 GHz, GigEthernet","United States",178.92,349.3,314,"Submission"
273,"Financial Institution (P)","IBM","BladeCenter HS22 Cluster, Xeon E5540 4C 2.53 GHz, Gigabit Ethernet","United Kingdom",178.23,497.76,143,"Submission"
274,"Telecommunication Company","IBM","BladeCenter HS22 Cluster, Xeon QC GT 2.53 GHz, GigEthernet","China",178.23,490.18,150,"Submission"
275,"Forschungszentrum Juelich (FZJ)","Bull SA","Sun Constellation, NovaScale R422-E2, Intel Xeon X5570, 2.93 GHz, Sun M9/Mellanox  QDR Infiniband/Partec Parastation","Germany",177.4,1549,36,"Top500"
276,"Bank (J)","IBM","xSeries x3650M3, Xeon X56xx 2.93 GHz, GigE","United Kingdom",177.02,314,393,"Submission"
277,"Bank (J)","IBM","xSeries x3650M3, Xeon X56xx 2.93 GHz, GigE","United Kingdom",177.02,314,394,"Submission"
278,"Telecommunication Company","IBM","xSeries x3650M3, Xeon X56xx 2.93 GHz, GigE","China",177.02,289.17,495,"Submission"
279,"Telecommunication Company","IBM","xSeries x3650M3, Xeon X56xx 2.93 GHz, GigE","China",177.02,289.17,496,"Submission"
280,"Telecommunication Company","IBM","xSeries x3650M3, Xeon X56xx 2.93 GHz, GigE","China",177.02,289.17,497,"Submission"
281,"Telecommunication Company","IBM","xSeries x3650M3, Xeon X56xx 2.93 GHz, GigE","China",177.02,289.17,498,"Submission"
282,"Engineering Company","IBM","xSeries x3550M3 Cluster, Xeon X5670 6C 2.93 GHz, Gigabit Ethernet","China",177.02,317.82,370,"Submission"
283,"Engineering Company","IBM","xSeries x3550M3 Cluster, Xeon X5670 6C 2.93 GHz, Gigabit Ethernet","China",177.02,317.82,371,"Submission"
284,"Engineering Company","IBM","xSeries x3650M3, Xeon X56xx 2.93 GHz, GigE","China",177.02,292.61,480,"Submission"
285,"Engineering Company","IBM","xSeries x3650M3, Xeon X56xx 2.93 GHz, GigE","China",177.02,292.61,481,"Submission"
286,"Engineering Company","IBM","xSeries x3650M3, Xeon X56xx 2.93 GHz, GigE","China",177.02,292.61,482,"Submission"
287,"Banking (M)","IBM","xSeries x3650M3, Xeon X56xx 2.93 GHz, GigE","United States",177.02,395.37,238,"Submission"
288,"Banking (M)","IBM","xSeries x3650M3, Xeon X56xx 2.93 GHz, GigE","United States",177.02,395.37,239,"Submission"
289,"Banking (M)","IBM","xSeries x3650M3, Xeon X56xx 2.93 GHz, GigE","United States",177.02,395.37,240,"Submission"
290,"Government","IBM","xSeries x3650M3 Cluster, Xeon X5670 6C 2.93 GHz, Gigabit Ethernet","United States",177.02,546.26,129,"Submission"
291,"Banking (M)","IBM","xSeries x3650M3 Cluster, Xeon X5670 6C 2.93 GHz, Gigabit Ethernet","United States",177.02,351.06,318,"Submission"
292,"Banking (M)","IBM","xSeries x3650M3 Cluster, Xeon X5670 6C 2.93 GHz, Gigabit Ethernet","United States",177.02,351.06,319,"Submission"
293,"Banking (M)","IBM","xSeries x3650M3 Cluster, Xeon X5670 6C 2.93 GHz, Gigabit Ethernet","United States",177.02,351.06,320,"Submission"
294,"Banking (M)","IBM","xSeries x3650M3 Cluster, Xeon X5670 6C 2.93 GHz, Gigabit Ethernet","United States",177.02,351.06,321,"Submission"
295,"Banking (M)","IBM","xSeries x3650M3 Cluster, Xeon X5670 6C 2.93 GHz, Gigabit Ethernet","United States",177.02,351.06,322,"Submission"
296,"Banking (M)","IBM","xSeries x3650M3 Cluster, Xeon X5670 6C 2.93 GHz, Gigabit Ethernet","United States",177.02,351.06,323,"Submission"
297,"Engineering Company","IBM","xSeries x3650M3 Cluster, Xeon X5670 6C 2.93 GHz, Gigabit Ethernet","China",177.01,386.97,249,"Submission"
298,"Engineering Company","IBM","xSeries x3650M3 Cluster, Xeon X5670 6C 2.93 GHz, Gigabit Ethernet","China",177.01,386.97,250,"Submission"
299,"Engineering Company","IBM","xSeries x3650M3 Cluster, Xeon X5670 6C 2.93 GHz, Gigabit Ethernet","China",177.01,386.97,251,"Submission"
300,"Engineering Company","IBM","xSeries x3650M3 Cluster, Xeon X5670 6C 2.93 GHz, Gigabit Ethernet","China",177.01,386.97,252,"Submission"
301,"Service Provider","IBM","BladeCenter HS22 Cluster, Xeon QC GT 2.53 GHz, GigEthernet","United States",176.2,431.5,204,"Submission"
302,"IT Service Provider (D)","Hewlett-Packard","Cluster Platform 4000 BL685c G7, Opteron 6172 12C 2.10 GHz, 10G Ethernet","United States",174.09,306.9,423,"derived"
303,"Engineering Company","IBM","BladeCenter HS22 Cluster, Xeon QC GT 2.66 GHz, GigEthernet","China",172.41,365.66,307,"Submission"
304,"Engineering Company","IBM","BladeCenter HS22 Cluster, Xeon QC GT 2.66 GHz, GigEthernet","China",172.41,365.66,308,"Submission"
305,"Engineering Company","IBM","BladeCenter HS22 Cluster, Xeon QC GT 2.66 GHz, GigEthernet","China",172.41,365.66,309,"Submission"
306,"Government","Cray Inc.","Cray XE6 12-core 2.2 GHz","United States",171.17,1726.32,35,"derived"
307,"Geoscience (P)","Hewlett-Packard","HP SL390s/170s  G7, Xeon X5650 6C 2.66 GHz, Gigabit Ethernet","United States",170.98,336.96,358,"derived"
308,"Atomic Weapons Establishment","Bull SA","Bullx B500 Cluster, Xeon X56xx 2.8Ghz, QDR Infiniband","United Kingdom",169.15,736.63,93,"derived"
309,"Computational Research Laboratories, TATA SONS","Hewlett-Packard","Cluster Platform 3000 BL460c, Xeon 53xx 3GHz, Infiniband","India",168.96,786,85,"Top500"
310,"IT Service Provider","Hewlett-Packard","Cluster Platform 3000 BL460c G6, Xeon E5530 4C 2.40 GHz, Gigabit Ethernet","Denmark",167.21,307.2,489,"derived"
311,"Financial Institution (P)","IBM","iDataPlex, Xeon E55xx QC 2.26 GHz, GigEthernet","France",167.18,375.36,311,"Submission"
312,"University of Colorado","Dell","PowerEdge C6100 Cluster, Xeon X5660 2.8 Ghz, Infiniband","United States",166.74,912.8,78,"derived"
313,"Semiconductor Company (C)","IBM","BladeCenter HS22 Cluster, Xeon QC GT 2.93 GHz, GigEthernet","United States",166.13,486,176,"Submission"
314,"Naval Oceanographic Office - NAVO DSRC","Cray Inc.","Cray XT5 QC 2.4 GHz","United States",163.95,588.9,130,"Derived"
315,"IT Service Provider (D)","Hewlett-Packard","Cluster Platform 4000 BL465c, Opteron 2389 4C 2.90 GHz, Gigabit Ethernet","United States",162.7,319.2,476,"derived"
316,"Bull","Bull SA","Bull bullx super-node S6010/S6030","France",161.98,540,148,"derived"
317,"Commissariat a l'Energie Atomique (CEA)","Bull SA","Bullx S6010 Cluster,  Xeon 2.26 Ghz 8-core, QDR Infiniband","France",161.98,540,149,"derived"
318,"US Army Research Laboratory (ARL)","Cray Inc.","Cray XT5 QC 2.3 GHz","United States",159.67,481,188,"Top500"
319,"Texas Tech University","Dell","Poweredge Cluster, Xeon X5660 2.8Ghz, Infiniband DDR","United States",155.55,438.9,254,"derived"
320,"Logistic Services (E)","Hewlett-Packard","Cluster Platform SL160z, Xeon X5550 4C 2.66 GHz, Gigabit Ethernet","United States",154.76,432.92,263,"derived"
321,"New Mexico Computing Applications Center (NMCAC)","SGI","SGI Altix ICE 8200, Xeon quad core 3.0 GHz","United States",154.7,861,84,"Top500"
322,"Logistic Services (E)","Hewlett-Packard","Cluster Platform SL160z, Xeon X5550 4C 2.66 GHz, Gigabit Ethernet","United States",154.59,445.74,244,"derived"
323,"Logistic Services (E)","Hewlett-Packard","Cluster Platform SL160z, Xeon X5550 4C 2.66 GHz, Gigabit Ethernet","United States",154.22,474.24,222,"derived"
324,"UCSD/San Diego Supercomputer Center","Appro International","Appro 1U-1143H Cluster, Opteron 8C 2.4Ghz, Infiniband QDR","United States",152.17,442.4,259,"Derived"
325,"Universitaet Aachen/RWTH","Bull SA","Bullx B500 Cluster, Xeon X56xx 3.06Ghz, QDR Infiniband","Germany",151.7,1449.12,47,"derived"
326,"Texas Advanced Computing Center/Univ. of Texas","Dell","Dell PowerEdge M610 Cluster, Xeon 5680 3.3Ghz, Infiniband QDR","United States",150.71,1670.78,39,"derived"
327,"NACAD/COPPE/UFRJ","Sun Microsystems","Sun Blade x6048, Xeon X5560 2.8 Ghz, Infiniband QDR","Brazil",150.3,430,290,"Top500"
328,"CSC (Center for Scientific Computing)","Cray Inc.","Cray XT5/XT4 QC 2.3 GHz","Finland",147.13,520,202,"Top500"
329,"Financial Services (H)","IBM","BladeCenter HS22 Cluster, Xeon QC X55xx 2.26 GHz, GigE","United States",146.48,435.75,300,"Submission"
330,"Financial Services (H)","IBM","BladeCenter HS22 Cluster, Xeon QC X55xx 2.26 GHz, GigE","United States",146.48,435.75,301,"Submission"
331,"Telecommunication Company","Hewlett-Packard","HP DL160 Cluster G6, Xeon X5650 2.66 GHz, GigE","Japan",146.34,510.75,214,"derived"
332,"Web Content Provider","Hewlett-Packard","HP DL160 Cluster G6, Xeon E5640 4C 2.67 GHz, Gigabit Ethernet","United States",144.98,600.75,152,"Derived"
333,"Air Force Research Laboratory - ARFL DSRC","Cray Inc.","Cray XE6 8-core 2.4 GHz","United States",143,2351.81,30,"Derived"
334,"INPE (National Institute for Space Research)","Cray Inc.","Cray XT6 12-core 2.1 GHz","Brazil",142.17,1442.64,49,"Derived"
335,"Web Company (F)","Hewlett-Packard","HP DL180 Cluster G6, Xeon E5540 2.53 GHz, GigE","United States",141.01,384,415,"derived"
336,"Web Company (F)","Hewlett-Packard","HP DL180 Cluster G6, Xeon E5540 2.53 GHz, GigE","United States",141.01,384,416,"derived"
337,"Web Company (F)","Hewlett-Packard","HP DL180 Cluster G6, Xeon E5540 2.53 GHz, GigE","United States",141.01,384,417,"derived"
338,"Web Company (F)","Hewlett-Packard","HP DL180 Cluster G6, Xeon E5540 2.53 GHz, GigE","United States",140.92,390.6,406,"derived"
339,"Web Company (F)","Hewlett-Packard","HP DL180 Cluster G6, Xeon E5540 2.53 GHz, GigE","United States",140.92,390.6,407,"derived"
340,"Web Content Provider","Hewlett-Packard","HP DL160 Cluster G6, Xeon E5640 2.53 GHz, GigE","United States",140.88,393,397,"derived"
341,"Web Content Provider","Hewlett-Packard","HP DL160 Cluster G6, Xeon E5640 2.53 GHz, GigE","United States",139.72,474,271,"Derived"
342,"Saudi Aramco","Hewlett-Packard","Cluster Platform 3000 BL280c G6, Xeon X5670 2.93Ghz, Infiniband QDR","Saudi Arabia",137.63,460.8,304,"derived"
343,"NCSA","Dell","PowerEdge 1955, 2.33 GHz, Infiniband, Windows Server 2008/Red Hat Enterprise Linux 4","United States",136.12,503.08,253,"Derived"
344,"ERDC DSRC","Cray Inc.","Cray XT4 QuadCore 2.1 GHz","United States",134.57,418,372,"Top500"
345,"Financial Institution ()","IBM","iDataPlex, Xeon E55xx QC 2.26 GHz, GigEthernet","Belgium",134.51,480.24,291,"Submission"
346,"Airbus","Hewlett-Packard","HP POD - Cluster Platform 3000 BL260c G6, X5675 3.06 GHz, Infiniband","France",134.42,1814.4,40,"derived"
347,"Internet Service","Hewlett-Packard","HP DL180 Cluster G6, Xeon E5620 4C 2.40 GHz, Gigabit Ethernet","China",133.58,392.4,468,"derived"
348,"Web Content Provider","Hewlett-Packard","HP DL160 Cluster G6, Xeon E5620 4C 2.40 GHz, Gigabit Ethernet","United States",133.56,397.8,429,"derived"
349,"Web Content Provider","Hewlett-Packard","HP DL160 Cluster G6, Xeon E5620 4C 2.40 GHz, Gigabit Ethernet","United States",133.56,397.8,430,"derived"
350,"Web Content Provider","Hewlett-Packard","HP DL160 Cluster G6, Xeon E5620 2.4 GHz, GigE","United States",133.37,412.95,404,"derived"
351,"Social NW Provider","Hewlett-Packard","HP DL180 Cluster G6, Xeon E5620 2.4 GHz, GigE","United States",133.31,417,391,"derived"
352,"Web Content Provider","Hewlett-Packard","HP DL160 Cluster G6, Xeon E5645 6C 2.40 GHz, Gigabit Ethernet","Russia",132.85,450.9,338,"Derived"
353,"Telecommunication Company","Hewlett-Packard","HP DL160 Cluster G6, Xeon E5645 6C 2.40 GHz, Gigabit Ethernet","Japan",132.54,474,310,"Derived"
354,"IT Services Provider (B)","Hewlett-Packard","Cluster Platform 4000 BL685c G7, Opteron 6136 8C 2.40 GHz, Gigabit Ethernet","China",132.3,435.6,357,"derived"
355,"Web Content Provider","Hewlett-Packard","HP DL160 Cluster G6, Xeon E5620 2.4 GHz, GigE","United States",131.73,532.8,236,"derived"
356,"Lawrence Livermore National Laboratory","Appro International","Appro Xtreme-X3 Server - Quad Opteron Quad Core 2.3 GHz, Infiniband","United States",131.63,776.42,116,"Derived"
357,"Web Content Provider","Hewlett-Packard","HP DL160 Cluster G6, Xeon E5620 4C 2.40 GHz, Gigabit Ethernet","United States",131.17,574.35,210,"derived"
358,"Web Content Provider","Hewlett-Packard","HP DL160 Cluster G6, Xeon E5620 4C 2.40 GHz, Gigabit Ethernet","United States",131.17,574.35,211,"derived"
359,"Engineering Company","IBM","xSeries x3650M2 Cluster, Xeon QC E55xx 2.53 Ghz, GigE","China",130.29,393,494,"Submission"
360,"Web Company (C)","Hewlett-Packard","Cluster Platform 4000 BL685c G7, Opteron 6136 8C 2.40 GHz, Gigabit Ethernet","China",130.16,648,167,"derived"
361,"Digital Media","IBM","xSeries x3650M2 Cluster Xeon QC GT 2.66 GHz, GigEthernet","Singapore",128.94,408.21,467,"Submission"
362,"IT Service Provider (D)","Hewlett-Packard","Cluster Platform 4000 BL465c G7, Opteron 6176 12C 2.30 GHz, Gigabit Ethernet","United States",124.9,635.4,179,"derived"
363,"Information Technology Center, The University of Tokyo","Hitachi","Hitachi opteron QC 2.3 GHz Myrinet 10G","Japan",122.43,831,118,"Top500"
364,"IT Services Provider (C)","Hewlett-Packard","Cluster Platform 4000 BL465c G7, Opteron 6174 12C 2.20 GHz, Gigabit Ethernet","United States",121.87,429.3,472,"derived"
365,"iVEC","Hewlett-Packard","HP Pod BL2x220, X5660 2.8 Ghz, Infiniband QDR","Australia",121.11,720,151,"derived"
366,"IT Service Provider (D)","Hewlett-Packard","Cluster Platform 4000 BL465c G7, Opteron 6174 12C 2.20 GHz, Gigabit Ethernet","United States",120.91,511.2,325,"derived"
367,"Carrillo Business Technologies, Inc","Hewlett-Packard","Cluster Platform 4000 BL465c G7, Opteron O6174 12C 2.20 GHz, Gigabit Ethernet","United States",120.6,545.4,277,"derived"
368,"University of Tokyo/Human Genome Center, IMS","Sun Microsystems","SunBlade x6250, Xeon E5450 3GHz, Infiniband","Japan",120.05,451.58,414,"Derived"
369,"Lawrence Livermore National Laboratory","Appro International","Appro Xtreme-X3 Opteron 2.0GHz, Infiniband DDR","United States",118.69,700,168,"Top500"
370,"Maui High-Performance Computing Center (MHPCC)","Dell","Dell PowerEdge M610 Cluster, Nehalem-EP 2.8Ghz, Infiniband","United States",118.63,679.24,177,"derived"
371,"HLRN at Universitaet Hannover / RRZN","SGI","SGI Altix ICE 8200EX, Xeon QC E5472 3.0 GHz/X5570 2.93 GHz","Germany",117.52,911.36,108,"derived"
372,"HLRN at ZIB/Konrad Zuse-Zentrum fuer Informationstechnik","SGI","SGI Altix ICE 8200EX, Xeon QC E5472 3.0 GHz/X5570 2.93 GHz","Germany",117.52,911.36,109,"derived"
373,"University of Minnesota/Supercomputing Institute","Hewlett-Packard","Cluster Platform 3000 BL280c G6, Xeon X55xx 2.8Ghz, Infiniband","United States",117.38,642.6,209,"derived"
374,"Lawrence Livermore National Laboratory","Appro International","Appro XtremeServer 1143H, Opteron QC 2.2Ghz, Infiniband","United States",115.54,1139,86,"Derived"
375,"Center for Computational Sciences, University of Tsukuba","Appro International","Appro Xtreme-X3 Server - Quad Opteron Quad Core 2.3 GHz, Infiniband","Japan",115.17,671,185,"Top500"
376,"Kurchatov Institute Moscow","Hewlett-Packard","Cluster Platform 3000 BL2x220, E54xx 3.0 Ghz, Infiniband","Russia",111.2,910.18,119,"Derived"
377,"Carrillo Business Technologies, Inc","Hewlett-Packard","Cluster Platform 3000 BL280c G6, Xeon X5650 2.67Ghz, Infiniband QDR","United States",110.2,624.6,245,"derived"
378,"Service Provider","IBM","xSeries x3650M2 Cluster, Xeon QC E55xx 2.26 Ghz, GigE","Japan",109.7,510,378,"Submission"
379,"Los Alamos National Laboratory","Appro International","Appro Xtreme Opteron 2 GHz, Infiniband QDR","United States",108.89,762.69,169,"Derived"
380,"JAXA","Fujitsu","Fujitsu FX1, Quadcore  SPARC64 VII  2.52 GHz, Infiniband DDR","Japan",108.43,1020,101,"Top500"
381,"Manufacturing Company","Hewlett-Packard","Cluster Platform 3000 BL460c G6, Xeon X5570 2.93 GHz, Infiniband","France",105.36,840.45,146,"derived"
382,"IT Service Provider","Hewlett-Packard","Cluster Platform 3000 BL2x220, E54xx 3.0 Ghz, Infiniband","Germany",104.74,904.53,132,"Derived"
383,"Wroclaw Centre for Networking and Supercomputing","Hewlett-Packard","Cluster Platform 3000 BL2x220, X56xx 2.66 Ghz, Infiniband","Poland",102.38,560.74,360,"derived"
384,"Service Provider","IBM","xSeries x3650M2 Cluster, Xeon QC E55xx 2.26 Ghz, GigE","Japan",102.02,633.2,292,"Submission"
385,"DLR - CASE","Oracle","Oracle Blade Server X6275,  X5670 2.93 GHz, Infiniband QDR","Germany",100.94,786.04,180,"derived"
386,"Sandia National Laboratories / National Renewable Energy Laboratory","Sun Microsystems","Sun Blade x6275, Xeon X55xx 2.93 Ghz, Infiniband","United States",99.8,4343.73,24,"derived"
387,"Cyfronet","Hewlett-Packard","Cluster Platform 3000 BL 2x220, Xeon X5650 6C 2.66 GHz, Infiniband","Poland",95.52,1348.32,88,"derived"
388,"Barcelona Supercomputing Center","IBM","BladeCenter JS21 Cluster, PPC 970, 2.3 GHz, Myrinet","Spain",93.37,683.59,299,"Derived"
389,"IDRIS","IBM","Power 575, p6 4.7 GHz, Infiniband","France",92.33,572,464,"Submission"
390,"United Kingdom Meteorological Office","IBM","Power 575, p6 4.7 GHz, Infiniband","United Kingdom",92.28,562,478,"Submission"
391,"United Kingdom Meteorological Office","IBM","Power 575, p6 4.7 GHz, Infiniband","United Kingdom",92.28,562,479,"Submission"
392,"Indian Institute of Tropical Meteorology","IBM","Power 575, p6 4.7 GHz, Infiniband","India",92.16,598,403,"Submission"
393,"NCAR (National Center for Atmospheric Research)","IBM","Power 575, p6 4.7 GHz, Infiniband","United States",91.96,649,339,"Submission"
394,"National Centers for Environment Prediction","IBM","Power 575, p6 4.7 GHz, Infiniband","United States",91.67,797,223,"Submission"
395,"National Centers for Environment Prediction","IBM","Power 575, p6 4.7 GHz, Infiniband","United States",91.67,797,224,"Submission"
396,"CINECA","IBM","Power 575, p6 4.7 GHz, Infiniband","Italy",91.59,859,181,"Submission"
397,"Naval Oceanographic Office - NAVO DSRC","IBM","Power 575, p6 4.7 GHz, Infiniband","United States",90.54,869,182,"Submission"
398,"Compute Canada/WestGrid/University of British Columbia","Hewlett-Packard","Cluster Platform 3000 BL 2x220, Xeon X5650/E5450 4C 3.00 GHz, Infiniband QDR","Canada",90.4,848,189,"derived"
399,"DKRZ - Deutsches Klimarechenzentrum","IBM","Power 575, p6 4.7 GHz, Infiniband","Germany",89.98,1288,98,"Submission"
400,"Max-Planck-Gesellschaft MPI/IPP","IBM","Power 575, p6 4.7 GHz, Infiniband","Germany",89.88,1095,122,"Submission"
401,"Yale University","Hewlett-Packard","Cluster Platform 3000 BL460c G6, Xeon X5560 4C 2.80GHz, Infiniband QDR","United States",89.43,646.29,356,"derived"
402,"National Institute for Fusion Science (NIFS)","Hitachi","Hitachi SR16000 Model L2/128, Power6 4.7Ghz, Infiniband","Japan",87.83,645,367,"Top500"
403,"ECMWF","IBM","Power 575, p6 4.7 GHz, Infiniband","United Kingdom",87.21,1329,99,"Submission"
404,"ECMWF","IBM","Power 575, p6 4.7 GHz, Infiniband","United Kingdom",87.21,1329,100,"Submission"
405,"Lockheed Martin","IBM","BladeCenter HS21 Cluster, Xeon QC HT 2.66 GHz, Infiniband","United States",85.27,906.16,186,"Submission"
406,"Meteorological Research Institute (MRI)","Hitachi","Hitachi SR16000 Model L2/121, Power6 4.7Ghz, Infiniband","Japan",83.97,609.84,493,"Derived"
407,"Service Provider","Hewlett-Packard","Cluster Platform 3000 BL460c G7, Xeon X5675 6C 3.06 GHz, Infiniband QDR","United States",83.72,645.83,421,"derived"
408,"IT Services Provider ","Hewlett-Packard","Cluster Platform 3000 BL460c G7, Xeon X5675 6C 3.06 GHz, Infiniband QDR","Japan",83.54,711.93,343,"derived"
409,"IT Services Provider ","Hewlett-Packard","Cluster Platform 3000 BL460c G7, Xeon X5675 6C 3.06 GHz, Infiniband QDR","Japan",83.54,711.93,344,"derived"
410,"Government","Hewlett-Packard","Cluster Platform 3000 BL2x220, L54xx 2.5 Ghz, Infiniband","France",82.32,2182.18,59,"Derived"
411,"IT Service Provider","Hewlett-Packard","Cluster Platform 3000 BL460c G6, Xeon E5670 2.93 GHz, GigE","United States",81.71,754.2,327,"derived"
412,"Government Classified","Hewlett-Packard","Cluster Platform 3000 BL460c G6, Xeon L5450 3 GHz, Infiniband","United States",81.6,822.55,262,"Derived"
413,"Sandia National Laboratories","Cray Inc.","Cray XT3/XT4","United States",81.48,2506,50,"Top500"
414,"IT Service Provider","Hewlett-Packard","Cluster Platform 3000 BL460c G6, Xeon E5670 2.93 GHz, GigE","United States",81.46,814.8,269,"derived"
415,"IT Service Provider","Hewlett-Packard","Cluster Platform 3000 BL460c G6, Xeon E5670 2.93 GHz, GigE","United States",81.38,648,466,"derived"
416,"Joint Supercomputer Center","Hewlett-Packard","Cluster Platform 3000 BL460c/BL2x220, Xeon 54xx 3 Ghz, Infiniband","Russia",81.11,1324.8,107,"derived"
417,"IT Service Provider","Hewlett-Packard","Cluster Platform 3000 BL460c G6, Xeon E5670 2.93 GHz, GigE","United States",80.74,691.2,379,"derived"
418,"IT Service Provider","Hewlett-Packard","Cluster Platform 3000 BL460c G6, Xeon E5670 2.93 GHz, GigE","United States",80.74,691.2,380,"derived"
419,"Financial Institution","Hewlett-Packard","Cluster Platform 3000 BL460c G6, Xeon X5670 2.93 GHz, Infiniband","United States",80.19,638.95,491,"derived"
420,"Computer Network Information Center, Chinese Academy of Science","Lenovo","DeepComp 7000, HS21/x3950 Cluster, Xeon QC HT 3 GHz/2.93 GHz, Infiniband","China",78.76,1305.24,115,"Derived"
421,"IT Service Provider","Hewlett-Packard","Cluster Platform 3000 BL460c G7, Xeon X5670 6C 2.93 GHz, 10G Ethernet","United Kingdom",75.07,914.36,246,"derived"
422,"Commissariat a l'Energie Atomique (CEA)","Bull SA","NovaScale 5160, Itanium2 1.6 GHz, Quadrics","France",70.68,747.6,459,"Derived"
423,"Gaming Company","Hewlett-Packard","Cluster Platform 3000 BL460c G7, Xeon X5660 6C 2.80 GHz, 10G Ethernet","Ireland",70.18,925.37,285,"derived"
424,"Gaming Company","Hewlett-Packard","Cluster Platform 3000 BL460c G7, Xeon X5660 6C 2.80 GHz, 10G Ethernet","Ireland",70.18,925.37,286,"derived"
425,"Gaming Company","Hewlett-Packard","Cluster Platform 3000 BL460c G7, Xeon X5660 6C 2.80 GHz, 10G Ethernet","Ireland",70.18,925.37,287,"derived"
426,"Gaming Company","Hewlett-Packard","Cluster Platform 3000 BL460c G7, Xeon X5660 2.80 GHz, 10G Ethernet","United States",70.17,991.47,241,"derived"
427,"Gaming Company","Hewlett-Packard","Cluster Platform 3000 BL460c G7, Xeon X5660 2.80 GHz, 10G Ethernet","United States",70.17,991.47,242,"derived"
428,"Gaming Company","Hewlett-Packard","Cluster Platform 3000 BL460c G7, Xeon X5660 2.80 GHz, 10G Ethernet","United States",70.17,991.47,243,"derived"
429,"Gaming Company","Hewlett-Packard","Cluster Platform 3000 BL460c G7, Xeon X5660 2.80 GHz, 10G Ethernet","United States",70.17,1344,133,"derived"
430,"Saudi Aramco","ClusterVision/Dell","Dell PowerEdge M610 Cluster, Xeon X5670 2.93Ghz, Infiniband QDR","Saudi Arabia",69.68,906.24,305,"derived"
431,"IT Service Provider","Hewlett-Packard","Cluster Platform 3000 SL2x170z, Xeon L5680 3.33 GHz, Infiniband","United States",69.67,864,334,"derived"
432,"IT Service Provider","Hewlett-Packard","Cluster Platform 3000 SL2x170z, Xeon L5680 3.33 GHz, Infiniband","United States",69.67,864,335,"derived"
433,"IT Service Provider","Hewlett-Packard","Cluster Platform 3000 SL2x170z, Xeon L5680 3.33 GHz, Infiniband","United States",69.67,864,336,"derived"
434,"Government","Hewlett-Packard","Cluster Platform 3000 BL460c G7, Xeon X5650 6C 2.66 GHz, 10G Ethernet","United States",68.15,969.44,273,"derived"
435,"Government","Hewlett-Packard","Cluster Platform 3000 BL2x220, L56xx 2.26 Ghz, Infiniband","Sweden",63.88,1526.4,126,"Derived"
436,"Grupa Allegro","Hewlett-Packard","Cluster Platform 3000 BL 2x220, Xeon L5420 4C 2.50 GHz, Gigabit Ethernet","Poland",62.26,949.4,348,"derived"
437,"Gdansk University of Technology, CI Task","ACTION","ACTION Xeon HP BL2x220/BL490 E5345/L5640 Infiniband","Poland",61.57,1065.33,279,"derived"
438,"Financial Institution","Hewlett-Packard","Cluster Platform 3000 BL460c G6, Xeon L5520 2.26 GHz, Infiniband","United States",61.22,940.06,359,"derived"
439,"Leibniz Rechenzentrum","SGI","Altix 4700 1.6 GHz","Germany",57.09,990,368,"Top500"
440,"IT Service Provider","Hewlett-Packard","Cluster Platform 3000 BL460c, Xeon 54xx 3.0GHz, GigEthernet","United States",56.19,910.8,499,"Derived"
441,"IT Service Provider (D)","Hewlett-Packard","Cluster Platform 3000 BL460c, Xeon E5450 4C 3.00GHz, Gigabit Ethernet","United States",56.03,972,413,"Derived"
442,"IT Service Provider","Hewlett-Packard","Cluster Platform 3000 BL460c G7, Xeon X5675 6C 3.06 GHz, Gigabit Ethernet","United States",56.03,1015.57,362,"derived"
443,"IT Service Provider","Hewlett-Packard","Cluster Platform 3000 BL460c G7, Xeon X5675 6C 3.06 GHz, Gigabit Ethernet","United States",56.03,1015.57,363,"derived"
444,"IT Service Provider","Hewlett-Packard","Cluster Platform 3000 BL460c G7, Xeon X5675 6C 3.06 GHz, Gigabit Ethernet","United States",56.03,1015.57,364,"derived"
445,"Logistic Services (C)","Hewlett-Packard","Cluster Platform 3000 BL460c, Xeon E5450 4C 3.00GHz, Gigabit Ethernet","United States",55.99,990,396,"Derived"
446,"IT Service Provider (D)","Hewlett-Packard","Cluster Platform 3000 BL460c G7, Xeon X5675 6C 3.06 GHz, Gigabit Ethernet","United States",55.98,1041.73,353,"derived"
447,"IT Service Provider (D)","Hewlett-Packard","Cluster Platform 3000 BL460c, Xeon E5450 4C 3.00 GHz, Gigabit Ethernet","United States",55.37,1343.25,215,"Derived"
448,"Air Force Research Laboratory - ARFL DSRC","SGI","Altix 4700 1.6 GHz","United States",54.83,938.12,484,"Derived"
449,"Web Content Provider (W)","Hewlett-Packard","Cluster Platform 3000 BL2x220, L54xx 2.33 Ghz, GigE","United States",54.7,1085.44,345,"Derived"
450,"DOE/SC/Pacific Northwest National Laboratory","Hewlett-Packard","Cluster Platform 4000 DL185G5, Opteron QC 2.2 GHz, Infiniband DDR","United States",54.5,1781.25,127,"Derived"
451,"NASA/Ames Research Center/NAS","SGI","SGI Altix 1.5/1.6/1.66 GHz, Voltaire Infiniband","United States",54.19,1228.5,268,"Derived"
452,"Computacenter AG & Co. oHG","Hewlett-Packard","Cluster Platform 3000 BL490c, Xeon X5670 6C 2.93 GHz, Gigabit Ethernet","Germany",54.13,1084.79,349,"derived"
453,"IT Service Provider","Hewlett-Packard","Cluster Platform 3000 BL460c G6, Xeon E5670 2.93 GHz, GigE","United States",53.76,956.36,486,"derived"
454,"IT Service Provider","Hewlett-Packard","Cluster Platform 3000 BL460c G6, Xeon E5670 2.93 GHz, GigE","United States",53.76,956.36,487,"derived"
455,"IT Service Provider","Hewlett-Packard","Cluster Platform 3000 BL460c G6, Xeon E5670 2.93 GHz, GigE","United States",53.76,956.36,488,"derived"
456,"Financial Institution","Hewlett-Packard","Cluster Platform 3000 BL460c G6, Xeon E5670 2.93 GHz, GigE","United States",53.73,972.19,473,"derived"
457,"IT Service Provider (D)","Hewlett-Packard","Cluster Platform 3000 BL460c G7, Xeon X5670 6C 2.93 GHz, Gigabit Ethernet","United States",53.68,971.51,475,"derived"
458,"IT Service Provider (D)","Hewlett-Packard","Cluster Platform 3000 BL460c G7, Xeon X5670 6C 2.93 GHz, Gigabit Ethernet","United States",53.59,1027.28,405,"derived"
459,"IT Service Provider (D)","Hewlett-Packard","Cluster Platform 3000 BL460c G7, Xeon X5670 6C 2.93 GHz, Gigabit Ethernet","United States",53.58,1037.6,392,"derived"
460,"IT Service Provider","Hewlett-Packard","Cluster Platform 3000 BL460c G7, Xeon X5670 2.93 Ghz, GigE","United Kingdom",53.46,1120.91,337,"derived"
461,"IT Service Provider","Hewlett-Packard","Cluster Platform 3000 BL460c G7, Xeon X5670 2.93 Ghz, GigE","United States",53.39,1160.16,324,"derived"
462,"Arrow Enterprise Computing Solutions","Hewlett-Packard","Cluster Platform 3000 BL460c G7, Xeon X5670 2.93 Ghz, GigE","United States",53.35,1183.57,306,"derived"
463,"IT Services Provider (C)","Hewlett-Packard","Cluster Platform 3000 BL460c G6, Xeon X5570 2.93 GHz, GigE","United States",53.22,1258.62,264,"derived"
464,"Computacenter (UK) LTD","Hewlett-Packard","Cluster Platform 3000 BL460c G1, Xeon L5420 2.5 GHz, GigE","United Kingdom",53.11,1105.45,350,"derived"
465,"IT Service Provider (D)","Hewlett-Packard","Cluster Platform 3000 BL460c G6, Xeon E5670 2.93 GHz, GigE","United States",52.84,1471.37,183,"derived"
466,"Service Provider","Hewlett-Packard","Cluster Platform 3000 BL460c G7, Xeon X5670 6C 2.93 GHz, Gigabit Ethernet","United States",52.8,1443.14,203,"derived"
467,"Purdue University","Hewlett-Packard","Cluster Platform 3000 DL165, Opteron 2.5 GHz, 10GigE","United States",52.56,993,474,"Derived"
468,"IT Service Provider","Hewlett-Packard","Cluster Platform 3000 BL460c G7, Xeon X5670 2.93 GHz, Gigabit Ethernet","United States",52.43,1704.7,141,"derived"
469,"Japan Agency for Marine -Earth Science and Technology","NEC","SX-9/E/1280M160","Japan",51,2400,94,"derived"
470,"IT Services Provider (C)","Hewlett-Packard","Cluster Platform 3000 BL460c G7, Xeon X5660 6C 2.80 GHz, Gigabit Ethernet","United States",50.74,1326.09,260,"derived"
471,"IT Services Provider (C)","Hewlett-Packard","Cluster Platform 3000 BL460c G7, Xeon X5660 6C 2.80 GHz, Gigabit Ethernet","United States",50.74,1326.09,261,"derived"
472,"Logistic Services (C)","Hewlett-Packard","Cluster Platform 3000 BL460c G6, Xeon X5650 6C 2.66 GHz, Gigabit Ethernet","United States",48.58,1090.61,447,"derived"
473,"IT Service Provider","Hewlett-Packard","Cluster Platform 3000 BL460c G7, Xeon X5650 6C 2.66 GHz, Gigabit Ethernet","United States",48.54,1115.41,418,"derived"
474,"IT Service Provider","Hewlett-Packard","Cluster Platform 3000 BL460c G7, Xeon X5650 6C 2.66 GHz, Gigabit Ethernet","United States",48.54,1115.41,419,"derived"
475,"IT Services Provider (D)","Hewlett-Packard","Cluster Platform 3000 BL460c G7, Xeon X5650 2.66 Ghz, GigE","United States",48.49,1149.14,387,"derived"
476,"IT Services Provider ","Hewlett-Packard","Cluster Platform 3000 BL460c G7, Xeon X5650 6C 2.66 GHz, Gigabit Ethernet","United States",48.34,1233.84,340,"derived"
477,"IT Services Provider ","Hewlett-Packard","Cluster Platform 3000 BL460c G7, Xeon X5650 6C 2.66 GHz, Gigabit Ethernet","United States",48.34,1233.84,341,"derived"
478,"IT Services Provider ","Hewlett-Packard","Cluster Platform 3000 BL460c G7, Xeon X5650 6C 2.66 GHz, Gigabit Ethernet","United States",48.34,1233.84,342,"derived"
479,"IT Service Provider","Hewlett-Packard","Cluster Platform 3000 BL460c G7, Xeon X5650 2.66 Ghz, GigE","United States",48.12,1375.67,272,"derived"
480,"IT Service Provider (D)","Hewlett-Packard","Cluster Platform 3000 BL460c G7, Xeon X5650 6C 2.66 GHz, Gigabit Ethernet","United States",47.95,1483.77,232,"derived"
481,"Arrow Enterprise Computing Solutions","Hewlett-Packard","Cluster Platform 3000 BL460c G7, Xeon X5650 2.66 Ghz, GigE","United States",47.84,1554,216,"derived"
482,"Financial Institution","Hewlett-Packard","Cluster Platform 3000 BL460c G7, Xeon X5650 6C 2.66 GHz, Gigabit Ethernet","United States",47.41,1814.95,153,"derived"
483,"IT Service Provider","Hewlett-Packard","Cluster Platform 4000 BL685c G7, Opteron 12C 2.2 Ghz, GigE","United Kingdom",46.15,1426.49,275,"derived"
484,"Web Company (C)","Hewlett-Packard","Cluster Platform 4000 BL685c G7, Opteron 12C 2.1 Ghz, GigE","China",44.52,1154.83,485,"derived"
485,"IT Service Provider","Hewlett-Packard","Cluster Platform 4000 BL685c G7, Opteron 12C 2.1 Ghz, GigE","United Kingdom",44.39,1230.1,412,"Derived"
486,"Web Company (C)","Hewlett-Packard","Cluster Platform 3000 BL460c G7, Xeon E5620 2.4 Ghz, GigE","China",43.54,1295.8,369,"derived"
487,"KTH - Royal Institute of Technology","Dell","PowerEdge SC1435 Dual core Opteron 2.2 GHz, Infiniband","Sweden",42.01,1470,326,"Derived"
488,"DOE/NNSA/LLNL","IBM","eServer pSeries p5 575 1.9 GHz","United States",38.03,1992,206,"Submission"
489,"Logistic Services (E)","Hewlett-Packard","Cluster Platform 3000 SL160z, Xeon X5550 2.66 GHz, GigE","United States",37.17,1423.8,448,"derived"
490,"Logistic Services (E)","Hewlett-Packard","Cluster Platform 3000 SL160z, Xeon X5550 2.66 GHz, GigE","United States",37.17,1423.8,449,"derived"
491,"Logistic Services (E)","Hewlett-Packard","Cluster Platform 3000 SL160z, Xeon X5550 2.66 GHz, GigE","United States",37.17,1423.8,450,"derived"
492,"Logistic Services (E)","Hewlett-Packard","Cluster Platform 3000 SL160z, Xeon X5550 2.66 GHz, GigE","United States",37.17,1423.8,451,"derived"
493,"Web Company (F)","Hewlett-Packard","Cluster Platform 3000 SL160z, Xeon X5650 2.66 GHz, GigE","United States",37.11,1487.7,398,"derived"
494,"Web Company (F)","Hewlett-Packard","Cluster Platform 3000 SL160z, Xeon X5650 2.66 GHz, GigE","United States",37.11,1487.7,399,"derived"
495,"Web Company (F)","Hewlett-Packard","Cluster Platform 3000 SL160z, Xeon X5650 2.66 GHz, GigE","United States",37.11,1487.7,400,"derived"
496,"Government","Cray Inc.","Cray XT5 QC 2.4 GHz","United States",34.41,4812.42,69,"Derived"
497,"Financial Services Company (G)","Hewlett-Packard","Cluster Platform 3000 DL165, Opteron 2.1 GHz 12C, GigE","United States",33.7,2598,147,"Derived"
498,"Financial Institution","Hewlett-Packard","Cluster Platform 3000 SL160z, Xeon L55xx 2.26 GHz, GigE","United States",31.37,1689.6,446,"derived"
499,"Web Content Provider(P)","Hewlett-Packard","Cluster Platform SL165z G7, Opteron 6174 2.2 Ghz, Infiniband","Germany",30.45,1800,411,"derived"
500,"NNSA/Sandia National Laboratories","Dell","PowerEdge 1850, 3.6 GHz, Infiniband","United States",21.36,2481.6,445,"derived"
